0,0,14,9,481,0,0,0,0,0,0,0,0,0,0,0,0,0,0,0,0,0,501,470,0,0,0,0,78,0,0,255,255,100,0,100,0,0,0,0,0,27
0,0,14,9,921,0,0,0,0,0,0,0,0,0,0,0,0,0,0,0,0,0,498,467,0,0,0,0,78,0,0,255,255,100,0,100,0,0,0,0,0,27
0,0,14,9,921,0,0,0,0,0,0,0,0,0,0,0,0,0,0,0,0,0,135,135,0,0,0,0,78,0,0,255,255,100,0,100,0,0,0,0,0,27
0,1,50,9,1074,310,0,0,0,0,0,1,0,0,0,0,0,0,0,0,0,0,1,1,0,0,0,0,78,0,0,133,99,74,4,1,0,0,0,2,2,16
0,2,46,9,40,0,0,0,0,0,0,0,0,0,0,0,0,0,0,0,0,0,2,2,0,0,0,0,78,0,0,255,255,100,0,1,0,0,0,0,0,29
0,0,14,9,921,0,0,0,0,0,0,0,0,0,0,0,0,0,0,0,0,0,501,470,0,0,0,0,78,0,0,255,255,100,0,100,0,0,0,0,0,27
0,1,22,9,263,2720,0,0,0,0,0,1,0,0,0,0,0,0,0,0,0,0,2,4,0,0,0,0,78,0,66,2,255,100,0,50,3,0,0,0,0,16
0,0,14,9,921,0,0,0,0,0,0,0,0,0,0,0,0,0,0,0,0,0,111,111,0,0,0,0,78,0,0,255,255,100,0,100,0,0,0,0,0,27
0,1,22,9,174,449,0,0,0,0,0,1,0,0,0,0,0,0,0,0,0,0,3,39,0,3,0,0,78,0,10,119,255,100,0,1,3,0,0,0,0,16
0,0,14,9,921,0,0,0,0,0,0,0,0,0,0,0,0,0,0,0,0,0,501,470,0,0,0,0,78,0,0,255,255,100,0,100,0,0,0,0,0,27
0,0,14,9,921,0,0,0,0,0,0,0,0,0,0,0,0,0,0,0,0,0,500,469,0,0,0,0,78,0,0,255,255,100,0,100,0,0,0,0,0,27
0,0,14,9,481,0,0,0,0,0,0,0,0,0,0,0,0,0,0,0,0,0,501,470,0,0,0,0,78,0,0,255,255,100,0,100,0,0,0,0,0,27
0,0,14,9,921,0,0,0,0,0,0,0,0,0,0,0,0,0,0,0,0,0,106,106,0,0,0,0,78,0,0,255,255,100,0,100,0,0,0,0,0,27
0,0,14,9,481,0,0,0,0,0,0,0,0,0,0,0,0,0,0,0,0,0,501,470,0,0,0,0,78,0,0,255,255,100,0,100,0,0,0,0,0,27
0,1,46,1,0,0,0,0,0,0,0,0,0,0,0,0,0,0,0,0,0,0,140,12,0,0,93,96,9,6,0,255,12,5,6,0,0,0,0,100,99,14
0,2,46,9,94,127,0,0,0,0,0,0,0,0,0,0,0,0,0,0,0,0,1,1,0,0,0,0,78,0,0,255,254,100,1,0,0,0,0,0,0,28
0,0,14,9,481,0,0,0,0,0,0,0,0,0,0,0,0,0,0,0,0,0,501,470,0,0,0,0,78,0,0,255,255,100,0,100,0,0,0,0,0,27
0,0,14,9,921,0,0,0,0,0,0,0,0,0,0,0,0,0,0,0,0,0,501,470,0,0,0,0,78,0,0,255,255,100,0,100,0,0,0,0,0,27
0,1,46,5,0,0,0,0,0,0,0,0,0,0,0,0,0,0,0,0,0,0,299,13,93,92,0,0,4,6,0,255,13,5,7,0,0,99,100,0,0,14
0,0,14,9,481,0,0,0,0,0,0,0,0,0,0,0,0,0,0,0,0,0,499,468,0,0,0,0,78,0,0,255,255,100,0,100,0,0,0,0,0,27
0,0,14,9,921,0,0,0,0,0,0,0,0,0,0,0,0,0,0,0,0,0,498,467,0,0,0,0,78,0,0,255,255,100,0,100,0,0,0,0,0,27
0,1,46,1,0,0,0,0,0,0,0,0,0,0,0,0,0,0,0,0,0,0,243,2,0,0,93,96,1,6,0,255,2,1,7,0,0,0,0,100,99,14
0,0,14,9,481,0,0,0,0,0,0,0,0,0,0,0,0,0,0,0,0,0,501,470,0,0,0,0,78,0,0,255,255,100,0,100,0,0,0,0,0,27
0,0,14,9,921,0,0,0,0,0,0,0,0,0,0,0,0,0,0,0,0,0,500,469,0,0,0,0,78,0,0,255,255,100,0,100,0,0,0,0,0,27
0,0,14,9,921,0,0,0,0,0,0,0,0,0,0,0,0,0,0,0,0,0,160,160,0,0,0,0,78,0,0,255,255,100,0,100,0,0,0,0,0,27
0,1,46,5,0,0,0,0,0,0,0,0,0,0,0,0,0,0,0,0,0,0,129,10,93,92,0,0,8,6,0,255,10,4,5,0,0,79,100,0,0,14
0,1,46,1,0,0,0,0,0,0,0,0,0,0,0,0,0,0,0,0,0,0,145,20,0,0,93,96,14,6,0,255,20,8,5,0,0,0,0,100,99,14
0,1,46,1,0,0,0,0,0,0,0,0,0,0,0,0,0,0,0,0,0,0,124,16,0,0,93,96,13,6,0,255,16,6,5,0,0,0,0,100,99,14
0,1,22,9,230,1289,0,0,0,0,0,1,0,0,0,0,0,0,0,0,0,0,16,16,0,0,0,0,78,0,0,255,255,100,0,1,0,0,0,0,0,16
0,0,14,9,473,0,0,0,0,0,0,0,0,0,0,0,0,0,0,0,0,0,501,470,0,0,0,0,78,0,0,255,255,100,0,100,0,0,0,0,0,27
0,0,14,9,481,0,0,0,0,0,0,0,0,0,0,0,0,0,0,0,0,0,501,470,0,0,0,0,78,0,0,255,255,100,0,100,0,0,0,0,0,27
0,0,14,9,481,0,0,0,0,0,0,0,0,0,0,0,0,0,0,0,0,0,499,468,0,0,0,0,78,0,0,255,255,100,0,100,0,0,0,0,0,27
0,1,22,9,313,1474,0,0,0,0,0,1,0,0,0,0,0,0,0,0,0,0,43,43,0,0,0,0,78,0,0,255,255,100,0,0,0,0,0,0,0,16
0,1,46,1,0,0,0,0,0,0,0,0,0,0,0,0,0,0,0,0,0,0,215,7,0,0,93,96,3,7,0,255,7,3,7,0,0,0,0,100,99,14
0,0,14,9,481,0,0,0,0,0,0,0,0,0,0,0,0,0,0,0,0,0,501,470,0,0,0,0,78,0,0,255,255,100,0,100,0,0,0,0,0,27
0,2,46,9,94,87,0,0,0,0,0,0,0,0,0,0,0,0,0,0,0,0,3,3,0,0,0,0,78,0,0,255,254,100,1,0,0,0,0,0,0,16
0,0,14,9,921,0,0,0,0,0,0,0,0,0,0,0,0,0,0,0,0,0,500,469,0,0,0,0,78,0,0,255,255,100,0,100,0,0,0,0,0,27
0,2,46,9,94,126,0,0,0,0,0,0,0,0,0,0,0,0,0,0,0,0,1,1,0,0,0,0,78,0,0,255,253,99,1,0,0,0,0,0,0,28
0,0,14,9,898,0,0,0,0,0,0,0,0,0,0,0,0,0,0,0,0,0,12,12,0,0,0,0,78,0,0,255,255,100,0,100,0,0,0,0,0,27
0,0,14,9,921,0,0,0,0,0,0,0,0,0,0,0,0,0,0,0,0,0,109,109,0,0,0,0,78,0,0,255,255,100,0,100,0,0,0,0,0,27
0,1,46,1,0,0,0,0,0,0,0,0,0,0,0,0,0,0,0,0,0,0,266,20,5,10,88,87,8,6,0,255,20,8,6,0,0,5,10,95,90,14
0,0,14,9,921,0,0,0,0,0,0,0,0,0,0,0,0,0,0,0,0,0,142,142,0,0,0,0,78,0,0,255,255,100,0,100,0,0,0,0,0,27
0,0,14,9,921,0,0,0,0,0,0,0,0,0,0,0,0,0,0,0,0,0,501,470,0,0,0,0,78,0,0,255,255,100,0,100,0,0,0,0,0,27
0,1,46,1,0,0,0,0,0,0,0,0,0,0,0,0,0,0,0,0,0,0,135,6,0,0,93,96,4,6,0,255,6,2,5,0,0,0,0,100,99,14
0,0,14,9,921,0,0,0,0,0,0,0,0,0,0,0,0,0,0,0,0,0,501,470,0,0,0,0,78,0,0,255,255,100,0,100,0,0,0,0,0,27
0,1,22,9,185,3156,0,0,0,0,0,1,0,0,0,0,0,0,0,0,0,0,7,29,0,0,0,0,78,0,7,7,255,100,0,14,3,0,0,0,0,16
0,0,14,9,921,0,0,0,0,0,0,0,0,0,0,0,0,0,0,0,0,0,164,164,0,0,0,0,78,0,0,255,255,100,0,100,0,0,0,0,0,27
0,0,14,9,921,0,0,0,0,0,0,0,0,0,0,0,0,0,0,0,0,0,499,468,0,0,0,0,78,0,0,255,255,100,0,100,0,0,0,0,0,27
0,2,46,9,40,0,0,0,0,0,0,0,0,0,0,0,0,0,0,0,0,0,3,3,0,0,0,0,78,0,0,255,255,100,0,1,0,0,0,0,0,29
0,0,14,9,921,0,0,0,0,0,0,0,0,0,0,0,0,0,0,0,0,0,500,469,0,0,0,0,78,0,0,255,255,100,0,100,0,0,0,0,0,27
0,0,14,9,921,0,0,0,0,0,0,0,0,0,0,0,0,0,0,0,0,0,501,470,0,0,0,0,78,0,0,255,255,100,0,100,0,0,0,0,0,27
0,0,14,9,481,0,0,0,0,0,0,0,0,0,0,0,0,0,0,0,0,0,501,470,0,0,0,0,78,0,0,255,255,100,0,100,0,0,0,0,0,27
0,0,14,9,921,0,0,0,0,0,0,0,0,0,0,0,0,0,0,0,0,0,501,470,0,0,0,0,78,0,0,255,255,100,0,100,0,0,0,0,0,27
0,1,46,1,0,0,0,0,0,0,0,0,0,0,0,0,0,0,0,0,0,0,100,5,0,0,93,96,5,6,0,255,5,2,6,0,0,0,0,100,99,14
0,1,46,5,0,0,0,0,0,0,0,0,0,0,0,0,0,0,0,0,0,0,240,9,93,92,0,0,4,7,0,255,9,4,7,0,0,99,100,0,0,14
0,0,14,9,921,0,0,0,0,0,0,0,0,0,0,0,0,0,0,0,0,0,105,105,0,0,0,0,78,0,0,255,255,100,0,100,0,0,0,0,0,27
0,0,14,9,481,0,0,0,0,0,0,0,0,0,0,0,0,0,0,0,0,0,501,470,0,0,0,0,78,0,0,255,255,100,0,100,0,0,0,0,0,27
0,2,46,9,94,126,0,0,0,0,0,0,0,0,0,0,0,0,0,0,0,0,1,1,0,0,0,0,78,0,0,255,251,98,1,0,0,0,0,0,0,28
0,1,46,1,0,0,0,0,0,0,0,0,0,0,0,0,0,0,0,0,0,0,126,8,0,0,93,96,6,6,0,255,8,3,6,0,0,0,0,100,99,14
0,1,9,5,0,0,0,0,0,0,0,0,0,0,0,0,0,0,0,0,0,0,173,15,93,92,0,0,9,9,0,255,15,6,8,0,0,99,100,0,0,14
0,1,19,9,2159,0,0,0,0,0,0,0,0,0,0,0,0,0,0,0,0,0,7,7,0,0,0,0,78,0,0,60,31,22,7,22,6,0,0,0,0,16
0,0,14,9,473,0,0,0,0,0,0,0,0,0,0,0,0,0,0,0,0,0,501,470,0,0,0,0,78,0,0,255,255,100,0,100,0,0,0,0,0,27
0,0,14,9,481,0,0,0,0,0,0,0,0,0,0,0,0,0,0,0,0,0,501,470,0,0,0,0,78,0,0,255,255,100,0,100,0,0,0,0,0,27
0,0,14,9,921,0,0,0,0,0,0,0,0,0,0,0,0,0,0,0,0,0,501,470,0,0,0,0,78,0,0,255,255,100,0,100,0,0,0,0,0,27
0,2,11,9,43,95,0,0,0,0,0,0,0,0,0,0,0,0,0,0,0,0,1,2,0,0,0,0,78,0,86,255,252,99,1,1,0,0,0,0,0,16
0,2,46,9,94,126,0,0,0,0,0,0,0,0,0,0,0,0,0,0,0,0,1,1,0,0,0,0,78,0,0,255,254,100,1,0,0,0,0,0,0,28
0,0,14,9,481,0,0,0,0,0,0,0,0,0,0,0,0,0,0,0,0,0,501,470,0,0,0,0,78,0,0,255,255,100,0,100,0,0,0,0,0,27
0,0,14,9,921,0,0,0,0,0,0,0,0,0,0,0,0,0,0,0,0,0,139,139,0,0,0,0,78,0,0,255,255,100,0,100,0,0,0,0,0,27
0,1,46,5,0,0,0,0,0,0,0,0,0,0,0,0,0,0,0,0,0,0,128,11,93,92,0,0,9,5,0,255,11,4,6,0,0,99,100,0,0,14
0,1,46,5,0,0,0,0,0,0,0,0,0,0,0,0,0,0,0,0,0,0,264,2,93,92,0,0,1,6,0,255,2,1,7,0,0,99,100,0,0,14
0,0,14,9,921,0,0,0,0,0,0,0,0,0,0,0,0,0,0,0,0,0,171,171,0,0,0,0,78,0,0,255,255,100,0,100,0,0,0,0,0,27
0,1,46,1,0,0,0,0,0,0,0,0,0,0,0,0,0,0,0,0,0,0,134,18,0,0,93,96,13,6,0,255,18,7,5,0,0,0,0,100,99,14
0,0,14,9,921,0,0,0,0,0,0,0,0,0,0,0,0,0,0,0,0,0,121,121,0,0,0,0,78,0,0,255,255,100,0,100,0,0,0,0,0,27
0,0,14,9,481,0,0,0,0,0,0,0,0,0,0,0,0,0,0,0,0,0,501,470,0,0,0,0,78,0,0,255,255,100,0,100,0,0,0,0,0,27
0,0,14,9,921,0,0,0,0,0,0,0,0,0,0,0,0,0,0,0,0,0,501,470,0,0,0,0,78,0,0,255,255,100,0,100,0,0,0,0,0,27
0,0,14,9,921,0,0,0,0,0,0,0,0,0,0,0,0,0,0,0,0,0,126,126,0,0,0,0,78,0,0,255,255,100,0,100,0,0,0,0,0,27
0,1,46,1,0,0,0,0,0,0,0,0,0,0,0,0,0,0,0,0,0,0,246,12,0,0,93,96,5,7,0,255,12,5,7,0,0,0,0,100,99,14
0,0,14,9,481,0,0,0,0,0,0,0,0,0,0,0,0,0,0,0,0,0,501,470,0,0,0,0,78,0,0,255,255,100,0,100,0,0,0,0,0,27
670,1,56,8,1,7,0,0,0,0,0,0,0,0,0,0,0,0,0,0,0,0,1,1,93,92,0,0,78,0,0,255,28,11,78,0,0,2,18,77,0,21
0,0,14,9,481,0,0,0,0,0,0,0,0,0,0,0,0,0,0,0,0,0,501,470,0,0,0,0,78,0,0,255,255,100,0,100,0,0,0,0,0,27
1,1,50,9,1759,268,0,0,0,0,0,1,0,0,0,0,0,0,0,0,0,0,3,3,0,0,0,0,78,0,0,255,246,96,4,0,0,0,0,4,0,10
1,1,50,9,1759,268,0,0,0,0,0,1,0,0,0,0,0,0,0,0,0,0,2,2,0,0,0,0,78,0,0,255,246,96,4,0,0,0,0,4,0,10
0,0,14,9,481,0,0,0,0,0,0,0,0,0,0,0,0,0,0,0,0,0,501,470,0,0,0,0,78,0,0,255,255,100,0,100,0,0,0,0,0,27
0,0,14,9,481,0,0,0,0,0,0,0,0,0,0,0,0,0,0,0,0,0,501,470,0,0,0,0,78,0,0,255,255,100,0,100,0,0,0,0,0,27
0,0,14,9,921,0,0,0,0,0,0,0,0,0,0,0,0,0,0,0,0,0,501,470,0,0,0,0,78,0,0,255,255,100,0,100,0,0,0,0,0,27
0,1,46,1,0,0,0,0,0,0,0,0,0,0,0,0,0,0,0,0,0,0,129,17,0,0,93,96,13,6,0,255,17,7,6,0,0,0,0,100,99,14
0,1,46,1,0,0,0,0,0,0,0,0,0,0,0,0,0,0,0,0,0,0,150,8,0,0,93,96,5,6,0,255,8,3,6,0,0,0,0,100,99,14
0,0,14,9,921,0,0,0,0,0,0,0,0,0,0,0,0,0,0,0,0,0,501,470,0,0,0,0,78,0,0,255,255,100,0,100,0,0,0,0,0,27
4,1,44,9,26,75,0,0,0,0,0,1,0,0,0,0,0,0,0,0,0,0,1,1,0,0,0,0,78,0,0,255,246,96,1,0,0,0,0,0,0,4
0,0,14,9,921,0,0,0,0,0,0,0,0,0,0,0,0,0,0,0,0,0,501,470,0,0,0,0,78,0,0,255,255,100,0,100,0,0,0,0,0,27
0,0,14,9,921,0,0,0,0,0,0,0,0,0,0,0,0,0,0,0,0,0,135,135,0,0,0,0,78,0,0,255,255,100,0,100,0,0,0,0,0,27
1,1,50,9,1759,268,0,0,0,0,0,1,0,0,0,0,0,0,0,0,0,0,2,2,0,0,0,0,78,0,0,255,246,96,4,0,0,0,0,3,0,10
0,1,46,1,0,0,0,0,0,0,0,0,0,0,0,0,0,0,0,0,0,0,123,13,0,0,93,96,11,6,0,255,13,5,5,0,0,0,0,100,99,14
0,0,14,9,481,0,0,0,0,0,0,0,0,0,0,0,0,0,0,0,0,0,501,470,0,0,0,0,78,0,0,255,255,100,0,100,0,0,0,0,0,27
0,0,14,9,481,0,0,0,0,0,0,0,0,0,0,0,0,0,0,0,0,0,500,469,0,0,0,0,78,0,0,255,255,100,0,100,0,0,0,0,0,27
0,0,14,9,921,0,0,0,0,0,0,0,0,0,0,0,0,0,0,0,0,0,501,470,0,0,0,0,78,0,0,255,255,100,0,100,0,0,0,0,0,27
0,0,14,9,921,0,0,0,0,0,0,0,0,0,0,0,0,0,0,0,0,0,500,469,0,0,0,0,78,0,0,255,255,100,0,100,0,0,0,0,0,27
0,0,14,9,481,0,0,0,0,0,0,0,0,0,0,0,0,0,0,0,0,0,501,470,0,0,0,0,78,0,0,255,255,100,0,100,0,0,0,0,0,27
0,0,14,9,481,0,0,0,0,0,0,0,0,0,0,0,0,0,0,0,0,0,501,470,0,0,0,0,78,0,0,255,255,100,0,100,0,0,0,0,0,27
0,0,14,9,921,0,0,0,0,0,0,0,0,0,0,0,0,0,0,0,0,0,501,470,0,0,0,0,78,0,0,255,255,100,0,100,0,0,0,0,0,27
0,0,14,9,921,0,0,0,0,0,0,0,0,0,0,0,0,0,0,0,0,0,152,152,0,0,0,0,78,0,0,255,255,100,0,100,0,0,0,0,0,27
0,2,11,9,43,113,0,0,0,0,0,0,0,0,0,0,0,0,0,0,0,0,5,5,0,0,0,0,78,0,0,99,27,27,3,1,0,0,0,0,0,16
0,0,14,9,921,0,0,0,0,0,0,0,0,0,0,0,0,0,0,0,0,0,501,470,0,0,0,0,78,0,0,255,255,100,0,100,0,0,0,0,0,27
0,1,46,5,0,0,0,0,0,0,0,0,0,0,0,0,0,0,0,0,0,0,107,16,93,92,0,0,15,6,0,255,16,6,5,0,0,99,100,0,0,14
0,1,46,1,0,0,0,0,0,0,0,0,0,0,0,0,0,0,0,0,0,0,108,13,0,0,93,96,12,7,0,255,13,5,6,0,0,0,0,100,99,14
0,0,14,9,921,0,0,0,0,0,0,0,0,0,0,0,0,0,0,0,0,0,501,470,0,0,0,0,78,0,0,255,255,100,0,100,0,0,0,0,0,27
0,1,46,1,0,0,0,0,0,0,0,0,0,0,0,0,0,0,0,0,0,0,130,10,0,0,93,96,8,6,0,255,10,4,6,0,0,0,0,100,99,14
0,1,22,9,237,442,0,0,0,0,0,1,0,0,0,0,0,0,0,0,0,0,12,18,0,0,0,0,78,0,22,255,255,100,0,0,0,0,0,0,0,16
0,0,14,9,921,0,0,0,0,0,0,0,0,0,0,0,0,0,0,0,0,0,501,470,0,0,0,0,78,0,0,255,255,100,0,100,0,0,0,0,0,27
0,1,22,9,294,271,0,0,0,0,0,1,0,0,0,0,0,0,0,0,0,0,3,3,0,0,0,0,78,0,0,84,255,100,0,1,4,0,0,0,0,16
0,1,22,9,306,595,0,0,0,0,0,1,0,0,0,0,0,0,0,0,0,0,1,1,0,0,0,0,78,0,0,94,255,100,0,1,4,0,0,0,0,16
0,1,46,1,0,0,0,0,0,0,0,0,0,0,0,0,0,0,0,0,0,0,144,4,0,0,93,96,3,6,0,255,4,2,5,0,0,0,0,100,99,14
0,2,46,9,94,126,0,0,0,0,0,0,0,0,0,0,0,0,0,0,0,0,2,2,0,0,0,0,78,0,0,255,254,100,1,0,0,0,0,0,0,16
0,0,14,9,921,0,0,0,0,0,0,0,0,0,0,0,0,0,0,0,0,0,499,468,0,0,0,0,78,0,0,255,255,100,0,100,0,0,0,0,0,27
0,2,46,9,94,87,0,0,0,0,0,0,0,0,0,0,0,0,0,0,0,0,1,1,0,0,0,0,78,0,0,255,254,100,1,0,0,0,0,0,0,16
0,0,14,9,921,0,0,0,0,0,0,0,0,0,0,0,0,0,0,0,0,0,501,470,0,0,0,0,78,0,0,255,255,100,0,100,0,0,0,0,0,27
0,1,22,9,223,1639,0,0,0,0,0,1,0,0,0,0,0,0,0,0,0,0,11,11,0,0,0,0,78,0,0,58,255,100,0,2,2,0,0,0,0,16
0,1,50,2,0,0,0,0,0,0,0,0,0,0,0,0,0,0,0,0,0,0,278,9,0,0,93,96,3,6,0,255,9,4,6,0,0,0,0,100,99,14
0,0,14,9,921,0,0,0,0,0,0,0,0,0,0,0,0,0,0,0,0,0,501,470,0,0,0,0,78,0,0,255,255,100,0,100,0,0,0,0,0,27
0,1,46,1,0,0,0,0,0,0,0,0,0,0,0,0,0,0,0,0,0,0,232,1,0,0,93,96,0,7,0,255,1,0,7,0,0,0,0,100,99,14
0,1,46,1,0,0,0,0,0,0,0,0,0,0,0,0,0,0,0,0,0,0,288,16,0,0,93,96,6,6,0,255,16,6,6,0,0,0,0,100,99,14
0,0,14,9,921,0,0,0,0,0,0,0,0,0,0,0,0,0,0,0,0,0,501,470,0,0,0,0,78,0,0,255,255,100,0,100,0,0,0,0,0,27
0,0,14,9,921,0,0,0,0,0,0,0,0,0,0,0,0,0,0,0,0,0,500,469,0,0,0,0,78,0,0,255,255,100,0,100,0,0,0,0,0,27
0,0,14,9,921,0,0,0,0,0,0,0,0,0,0,0,0,0,0,0,0,0,501,470,0,0,0,0,78,0,0,255,255,100,0,100,0,0,0,0,0,27
0,0,14,9,921,0,0,0,0,0,0,0,0,0,0,0,0,0,0,0,0,0,501,470,0,0,0,0,78,0,0,255,255,100,0,100,0,0,0,0,0,27
0,2,46,9,94,126,0,0,0,0,0,0,0,0,0,0,0,0,0,0,0,0,1,1,0,0,0,0,78,0,0,255,253,99,1,0,0,0,0,0,0,16
0,0,14,9,481,0,0,0,0,0,0,0,0,0,0,0,0,0,0,0,0,0,501,470,0,0,0,0,78,0,0,255,255,100,0,100,0,0,0,0,0,27
0,0,14,9,921,0,0,0,0,0,0,0,0,0,0,0,0,0,0,0,0,0,501,470,0,0,0,0,78,0,0,255,255,100,0,100,0,0,0,0,0,27
0,0,14,9,921,0,0,0,0,0,0,0,0,0,0,0,0,0,0,0,0,0,501,470,0,0,0,0,78,0,0,255,255,100,0,100,0,0,0,0,0,27
0,2,40,9,46,37,0,0,0,0,0,0,0,0,0,0,0,0,0,0,0,0,1,1,0,0,0,0,78,0,0,255,48,19,1,19,0,0,0,0,0,16
0,1,46,5,0,0,0,0,0,0,0,0,0,0,0,0,0,0,0,0,0,0,136,4,93,92,0,0,3,10,0,255,4,2,9,0,0,99,100,0,0,14
0,2,46,9,94,127,0,0,0,0,0,0,0,0,0,0,0,0,0,0,0,0,1,1,0,0,0,0,78,0,0,255,254,100,1,0,0,0,0,0,0,16
0,1,22,9,2415,5785,0,0,0,2,0,1,1,0,0,0,0,0,0,0,0,0,4,4,0,0,0,0,78,0,0,255,255,100,0,0,0,0,0,4,4,1
0,0,14,9,921,0,0,0,0,0,0,0,0,0,0,0,0,0,0,0,0,0,501,470,0,0,0,0,78,0,0,255,255,100,0,100,0,0,0,0,0,27
0,1,50,9,639,306,0,0,0,0,0,1,0,0,0,0,0,0,0,0,0,0,1,1,0,0,0,0,78,0,0,124,171,64,5,1,1,0,0,0,0,16
4,1,44,9,28,75,0,0,0,0,0,1,0,0,0,0,0,0,0,0,0,0,1,1,0,0,0,0,78,0,0,255,253,99,1,0,0,0,0,0,0,4
0,0,14,9,921,0,0,0,0,0,0,0,0,0,0,0,0,0,0,0,0,0,501,470,0,0,0,0,78,0,0,255,255,100,0,100,0,0,0,0,0,27
0,2,46,9,94,126,0,0,0,0,0,0,0,0,0,0,0,0,0,0,0,0,1,1,0,0,0,0,78,0,0,255,254,100,1,0,0,0,0,0,0,28
0,0,14,9,921,0,0,0,0,0,0,0,0,0,0,0,0,0,0,0,0,0,501,470,0,0,0,0,78,0,0,255,255,100,0,100,0,0,0,0,0,27
0,0,14,9,921,0,0,0,0,0,0,0,0,0,0,0,0,0,0,0,0,0,147,147,0,0,0,0,78,0,0,255,255,100,0,100,0,0,0,0,0,27
0,0,14,9,921,0,0,0,0,0,0,0,0,0,0,0,0,0,0,0,0,0,500,469,0,0,0,0,78,0,0,255,255,100,0,100,0,0,0,0,0,27
0,1,46,1,0,0,0,0,0,0,0,0,0,0,0,0,0,0,0,0,0,0,268,10,0,0,93,96,4,6,0,255,10,4,6,0,0,0,0,100,99,14
0,0,14,9,921,0,0,0,0,0,0,0,0,0,0,0,0,0,0,0,0,0,501,470,0,0,0,0,78,0,0,255,255,100,0,100,0,0,0,0,0,27
0,1,22,9,270,443,0,0,0,0,0,1,0,0,0,0,0,0,0,0,0,0,12,12,0,0,0,0,78,0,0,12,251,100,0,8,7,0,0,0,0,16
0,0,14,9,481,0,0,0,0,0,0,0,0,0,0,0,0,0,0,0,0,0,500,469,0,0,0,0,78,0,0,255,255,100,0,100,0,0,0,0,0,27
0,1,46,1,0,0,0,0,0,0,0,0,0,0,0,0,0,0,0,0,0,0,266,13,0,0,93,96,5,6,0,255,13,5,6,0,0,0,0,100,99,14
0,1,46,5,0,0,0,0,0,0,0,0,0,0,0,0,0,0,0,0,0,0,142,17,93,92,0,0,12,6,0,255,17,7,6,0,0,99,100,0,0,14
0,0,14,9,921,0,0,0,0,0,0,0,0,0,0,0,0,0,0,0,0,0,501,470,0,0,0,0,78,0,0,255,255,100,0,100,0,0,0,0,0,27
0,0,14,9,921,0,0,0,0,0,0,0,0,0,0,0,0,0,0,0,0,0,501,470,0,0,0,0,78,0,0,255,255,100,0,100,0,0,0,0,0,27
0,2,46,9,94,126,0,0,0,0,0,0,0,0,0,0,0,0,0,0,0,0,2,2,0,0,0,0,78,0,0,255,254,100,1,0,0,0,0,0,0,16
165,1,18,9,151,573,0,0,0,2,0,1,0,0,0,0,0,0,0,0,0,1,1,1,0,0,0,0,78,0,0,255,9,4,45,0,0,0,0,44,0,33
0,1,22,9,270,8786,0,0,0,0,0,1,0,0,0,0,0,0,0,0,0,0,1,1,0,0,0,0,78,0,0,12,255,100,0,8,3,0,0,0,0,16
0,0,14,9,921,0,0,0,0,0,0,0,0,0,0,0,0,0,0,0,0,0,501,470,0,0,0,0,78,0,0,255,255,100,0,100,0,0,0,0,0,27
0,0,14,9,921,0,0,0,0,0,0,0,0,0,0,0,0,0,0,0,0,0,501,470,0,0,0,0,78,0,0,255,255,100,0,100,0,0,0,0,0,27
0,1,5,1,0,0,0,0,0,0,0,0,0,0,0,0,0,0,0,0,0,0,135,14,0,0,93,96,10,6,0,255,14,5,5,0,0,0,0,100,99,14
0,1,22,9,263,4796,0,0,0,0,0,1,0,0,0,0,0,0,0,0,0,0,2,3,0,0,0,0,78,0,60,255,255,100,0,0,0,0,0,0,0,16
0,0,14,9,481,0,0,0,0,0,0,0,0,0,0,0,0,0,0,0,0,0,501,470,0,0,0,0,78,0,0,255,255,100,0,100,0,0,0,0,0,27
0,0,14,9,921,0,0,0,0,0,0,0,0,0,0,0,0,0,0,0,0,0,153,153,0,0,0,0,78,0,0,255,255,100,0,100,0,0,0,0,0,27
0,1,22,9,199,781,0,0,0,0,0,1,0,0,0,0,0,0,0,0,0,0,7,7,0,0,0,0,78,0,0,255,255,100,0,0,0,0,0,0,0,16
0,1,22,9,176,500,0,0,0,0,0,1,0,0,0,0,0,0,0,0,0,0,3,4,0,0,0,0,78,0,46,116,255,100,0,1,4,0,0,0,0,16
0,1,22,9,328,943,0,0,0,0,0,1,0,0,0,0,0,0,0,0,0,0,8,8,0,0,0,0,78,0,0,23,255,100,0,4,5,0,0,0,0,16
0,1,46,5,0,0,0,0,0,0,0,0,0,0,0,0,0,0,0,0,0,0,113,8,93,92,0,0,7,7,0,255,8,3,6,0,0,99,100,0,0,14
0,1,22,9,221,1465,0,0,0,0,0,1,0,0,0,0,0,0,0,0,0,0,9,10,0,0,0,0,78,0,20,255,255,100,0,0,0,0,0,0,0,16
0,2,46,9,94,126,0,0,0,0,0,0,0,0,0,0,0,0,0,0,0,0,1,1,0,0,0,0,78,0,0,255,254,100,1,0,0,0,0,0,0,16
0,0,14,9,921,0,0,0,0,0,0,0,0,0,0,0,0,0,0,0,0,0,501,470,0,0,0,0,78,0,0,255,254,100,1,100,0,0,0,0,0,27
0,0,14,9,921,0,0,0,0,0,0,0,0,0,0,0,0,0,0,0,0,0,500,469,0,0,0,0,78,0,0,255,255,100,0,100,0,0,0,0,0,27
0,2,46,9,94,126,0,0,0,0,0,0,0,0,0,0,0,0,0,0,0,0,1,1,0,0,0,0,78,0,0,255,254,100,1,0,0,0,0,0,0,28
0,1,22,9,242,4302,0,0,0,0,0,1,0,0,0,0,0,0,0,0,0,0,1,1,0,0,0,0,78,0,0,13,255,100,0,8,5,0,0,0,0,16
0,0,14,9,481,0,0,0,0,0,0,0,0,0,0,0,0,0,0,0,0,0,501,470,0,0,0,0,78,0,0,255,255,100,0,100,0,0,0,0,0,27
0,0,14,9,921,0,0,0,0,0,0,0,0,0,0,0,0,0,0,0,0,0,500,469,0,0,0,0,78,0,0,255,255,100,0,100,0,0,0,0,0,27
0,0,14,9,921,0,0,0,0,0,0,0,0,0,0,0,0,0,0,0,0,0,501,470,0,0,0,0,78,0,0,255,255,100,0,100,0,0,0,0,0,27
0,1,22,9,210,7777,0,0,0,0,0,1,0,0,0,0,0,0,0,0,0,0,2,3,0,0,0,0,78,0,60,255,255,100,0,0,0,0,0,0,0,16
0,0,14,9,481,0,0,0,0,0,0,0,0,0,0,0,0,0,0,0,0,0,501,470,0,0,0,0,78,0,0,255,255,100,0,100,0,0,0,0,0,27
0,2,46,9,94,87,0,0,0,0,0,0,0,0,0,0,0,0,0,0,0,0,3,3,0,0,0,0,78,0,0,255,254,100,1,0,0,0,0,0,0,16
0,1,22,9,325,1854,0,0,0,0,0,1,0,0,0,0,0,0,0,0,0,0,11,11,0,0,0,0,78,0,0,255,255,100,0,0,0,0,0,0,0,16
0,0,14,9,481,0,0,0,0,0,0,0,0,0,0,0,0,0,0,0,0,0,501,470,0,0,0,0,78,0,0,255,255,100,0,100,0,0,0,0,0,27
0,2,46,9,94,126,0,0,0,0,0,0,0,0,0,0,0,0,0,0,0,0,2,2,0,0,0,0,78,0,0,255,254,100,1,0,0,0,0,0,0,28
0,1,46,5,0,0,0,0,0,0,0,0,0,0,0,0,0,0,0,0,0,0,153,12,93,92,0,0,8,8,0,255,12,5,9,0,0,99,100,0,0,14
0,0,14,9,481,0,0,0,0,0,0,0,0,0,0,0,0,0,0,0,0,0,501,470,0,0,0,0,78,0,0,255,255,100,0,100,0,0,0,0,0,27
0,1,56,2,0,37,0,0,0,0,0,0,0,0,0,0,0,0,0,0,0,0,1,24,0,12,93,76,78,0,85,53,27,51,6,2,0,0,0,64,30,11
0,0,14,9,481,0,0,0,0,0,0,0,0,0,0,0,0,0,0,0,0,0,498,467,0,0,0,0,78,0,0,255,255,100,0,100,0,0,0,0,0,27
0,1,19,9,772,0,0,0,0,0,0,0,0,0,0,0,0,0,0,0,0,0,1,1,0,0,0,0,78,0,0,71,29,41,6,41,0,0,0,0,0,16
0,1,46,1,0,0,0,0,0,0,0,0,0,0,0,0,0,0,0,0,0,0,166,9,0,0,93,96,5,7,0,255,9,4,6,0,0,0,0,100,99,14
0,1,41,1,0,0,0,0,0,0,0,0,0,0,0,0,0,0,0,0,0,0,495,1,5,0,88,96,0,99,0,255,1,0,100,0,0,6,0,94,99,24
0,1,46,5,0,0,0,0,0,0,0,0,0,0,0,0,0,0,0,0,0,0,132,15,93,92,0,0,11,6,0,255,15,6,6,0,0,99,100,0,0,14
0,0,14,9,921,0,0,0,0,0,0,0,0,0,0,0,0,0,0,0,0,0,501,470,0,0,0,0,78,0,0,255,255,100,0,100,0,0,0,0,0,27
0,0,14,9,481,0,0,0,0,0,0,0,0,0,0,0,0,0,0,0,0,0,501,470,0,0,0,0,78,0,0,255,255,100,0,100,0,0,0,0,0,27
0,1,22,9,290,2103,0,0,0,0,0,1,0,0,0,0,0,0,0,0,0,0,10,10,0,0,0,0,78,0,0,10,255,100,0,10,1,0,0,0,0,16
0,1,46,1,0,0,0,0,0,0,0,0,0,0,0,0,0,0,0,0,0,0,241,11,0,0,93,96,5,7,0,255,11,4,7,0,0,0,0,100,99,14
0,1,22,9,145,399,0,0,0,0,0,1,0,0,0,0,0,0,0,0,0,0,2,2,0,0,0,0,78,0,0,255,255,100,0,0,0,1,1,0,0,16
0,1,46,1,0,0,0,0,0,0,0,0,0,0,0,0,0,0,0,0,0,0,117,16,0,0,93,96,14,6,0,255,16,6,5,0,0,0,0,100,99,14
0,0,14,9,921,0,0,0,0,0,0,0,0,0,0,0,0,0,0,0,0,0,501,470,0,0,0,0,78,0,0,255,255,100,0,100,0,0,0,0,0,27
0,1,46,5,0,0,0,0,0,0,0,0,0,0,0,0,0,0,0,0,0,0,53,5,93,92,0,0,9,15,0,255,5,2,15,0,0,99,100,0,0,14
0,1,46,1,0,0,0,0,0,0,0,0,0,0,0,0,0,0,0,0,0,0,204,12,0,0,93,96,6,6,0,255,12,5,6,0,0,0,0,100,99,14
0,0,14,9,481,0,0,0,0,0,0,0,0,0,0,0,0,0,0,0,0,0,501,470,0,0,0,0,78,0,0,255,255,100,0,100,0,0,0,0,0,27
0,0,14,9,921,0,0,0,0,0,0,0,0,0,0,0,0,0,0,0,0,0,501,470,0,0,0,0,78,0,0,255,255,100,0,100,0,0,0,0,0,27
0,0,14,9,921,0,0,0,0,0,0,0,0,0,0,0,0,0,0,0,0,0,501,470,0,0,0,0,78,0,0,255,255,100,0,100,0,0,0,0,0,27
0,0,14,9,921,0,0,0,0,0,0,0,0,0,0,0,0,0,0,0,0,0,500,469,0,0,0,0,78,0,0,255,255,100,0,100,0,0,0,0,0,27
0,2,46,9,39,0,0,0,0,0,0,0,0,0,0,0,0,0,0,0,0,0,4,4,0,0,0,0,78,0,0,255,254,100,1,1,0,0,0,0,0,29
0,2,46,9,50,44,0,0,0,0,0,0,0,0,0,0,0,0,0,0,0,0,497,466,0,0,0,0,78,0,0,255,255,100,0,83,0,0,0,0,0,16
0,1,46,1,0,0,0,0,0,0,0,0,0,0,0,0,0,0,0,0,0,0,259,18,0,0,93,96,7,6,0,255,18,7,6,0,0,0,0,100,99,14
0,1,22,9,181,2854,0,0,0,0,0,1,0,0,0,0,0,0,0,0,0,0,6,6,0,0,0,0,78,0,0,72,255,100,0,1,1,0,0,0,0,16
0,1,17,9,5,194,0,0,0,0,0,0,0,0,0,0,0,0,0,0,0,0,1,1,0,0,0,0,78,0,0,48,21,8,8,2,10,0,0,0,0,16
0,1,22,9,187,1212,0,0,0,0,0,1,0,0,0,0,0,0,0,0,0,0,6,6,0,0,0,0,78,0,0,132,255,100,0,1,4,0,0,0,0,16
0,1,22,9,209,253,0,0,0,0,0,1,0,0,0,0,0,0,0,0,0,0,4,11,0,0,0,0,78,0,43,255,255,100,0,0,0,0,0,0,0,16
0,1,19,9,10,0,0,0,0,0,0,0,0,0,0,0,0,0,0,0,0,0,2,2,0,0,0,0,78,0,0,6,28,100,0,100,14,0,0,0,0,33
0,0,14,9,921,0,0,0,0,0,0,0,0,0,0,0,0,0,0,0,0,0,139,139,0,0,0,0,78,0,0,255,255,100,0,100,0,0,0,0,0,27
0,0,14,9,921,0,0,0,0,0,0,0,0,0,0,0,0,0,0,0,0,0,110,110,0,0,0,0,78,0,0,255,255,100,0,100,0,0,0,0,0,27
0,0,14,9,921,0,0,0,0,0,0,0,0,0,0,0,0,0,0,0,0,0,501,470,0,0,0,0,78,0,0,255,255,100,0,100,0,0,0,0,0,27
0,1,22,9,203,970,0,0,0,0,0,1,0,0,0,0,0,0,0,0,0,0,34,34,0,0,0,0,78,0,0,255,255,100,0,0,0,0,0,0,0,16
0,1,22,9,206,1600,0,0,0,0,0,1,0,0,0,0,0,0,0,0,0,0,5,7,0,0,0,0,78,0,29,255,255,100,0,0,0,0,0,0,0,16
0,1,22,9,287,2180,0,0,0,0,0,1,0,0,0,0,0,0,0,0,0,0,18,22,0,0,0,0,78,0,14,255,255,100,0,0,0,0,0,0,0,16
0,1,46,1,0,0,0,0,0,0,0,0,0,0,0,0,0,0,0,0,0,0,104,18,0,0,93,96,17,7,0,255,18,7,6,0,0,0,0,100,99,14
0,1,46,1,0,0,0,0,0,0,0,0,0,0,0,0,0,0,0,0,0,0,277,8,0,0,93,96,3,6,0,255,8,3,6,0,0,0,0,100,99,14
0,0,14,9,481,0,0,0,0,0,0,0,0,0,0,0,0,0,0,0,0,0,501,470,0,0,0,0,78,0,0,255,255,100,0,100,0,0,0,0,0,27
0,0,14,9,481,0,0,0,0,0,0,0,0,0,0,0,0,0,0,0,0,0,501,470,0,0,0,0,78,0,0,255,255,100,0,100,0,0,0,0,0,27
0,1,46,1,0,0,0,0,0,0,0,0,0,0,0,0,0,0,0,0,0,0,102,2,0,0,93,96,2,6,0,255,2,1,6,0,0,0,0,100,99,14
0,2,46,9,44,0,0,0,0,0,0,0,0,0,0,0,0,0,0,0,0,0,3,3,0,0,0,0,78,0,0,255,255,100,0,0,0,0,0,0,0,29
0,0,14,9,921,0,0,0,0,0,0,0,0,0,0,0,0,0,0,0,0,0,501,470,0,0,0,0,78,0,0,255,255,100,0,100,0,0,0,0,0,27
0,1,50,9,0,66,0,0,0,0,0,1,0,0,0,0,0,0,0,0,0,0,1,1,0,0,0,0,78,0,0,21,130,57,19,5,2,0,0,0,0,16
0,1,46,1,0,0,0,0,0,0,0,0,0,0,0,0,0,0,0,0,0,0,236,3,0,0,93,96,1,7,0,255,3,1,8,0,0,0,0,100,99,14
0,0,14,9,921,0,0,0,0,0,0,0,0,0,0,0,0,0,0,0,0,0,164,164,0,0,0,0,78,0,0,255,255,100,0,100,0,0,0,0,0,27
0,0,14,9,481,0,0,0,0,0,0,0,0,0,0,0,0,0,0,0,0,0,501,470,0,0,0,0,78,0,0,255,255,100,0,100,0,0,0,0,0,27
0,0,14,9,481,0,0,0,0,0,0,0,0,0,0,0,0,0,0,0,0,0,501,470,0,0,0,0,78,0,0,255,255,100,0,100,0,0,0,0,0,27
0,1,46,1,0,0,0,0,0,0,0,0,0,0,0,0,0,0,0,0,0,0,261,8,0,0,93,96,3,7,0,255,8,3,7,0,0,0,0,100,99,14
0,1,22,9,204,773,0,0,0,0,0,1,0,0,0,0,0,0,0,0,0,0,1,1,0,0,0,0,78,0,0,255,255,100,0,0,0,0,0,0,0,16
0,0,14,9,921,0,0,0,0,0,0,0,0,0,0,0,0,0,0,0,0,0,500,469,0,0,0,0,78,0,0,255,255,100,0,100,0,0,0,0,0,27
0,1,46,1,0,0,0,0,0,0,0,0,0,0,0,0,0,0,0,0,0,0,104,4,0,0,93,96,4,7,0,255,4,2,6,0,0,0,0,100,99,14
0,1,22,9,206,1934,0,0,0,0,0,1,0,0,0,0,0,0,0,0,0,0,31,41,0,0,0,0,78,0,7,255,255,100,0,1,0,0,0,0,0,16
0,0,14,9,921,0,0,0,0,0,0,0,0,0,0,0,0,0,0,0,0,0,501,470,0,0,0,0,78,0,0,255,255,100,0,100,0,0,0,0,0,27
0,1,22,9,199,2800,0,0,0,0,0,1,0,0,0,0,0,0,0,0,0,0,5,5,0,0,0,0,78,0,0,137,171,100,0,1,2,1,1,0,0,16
0,0,14,9,481,0,0,0,0,0,0,0,0,0,0,0,0,0,0,0,0,0,501,470,0,0,0,0,78,0,0,255,255,100,0,100,0,0,0,0,0,27
0,0,14,9,481,0,0,0,0,0,0,0,0,0,0,0,0,0,0,0,0,0,501,470,0,0,0,0,78,0,0,255,255,100,0,100,0,0,0,0,0,27
0,0,14,9,921,0,0,0,0,0,0,0,0,0,0,0,0,0,0,0,0,0,499,468,0,0,0,0,78,0,0,255,255,100,0,100,0,0,0,0,0,27
1,1,50,9,1759,268,0,0,0,0,0,1,0,0,0,0,0,0,0,0,0,0,2,2,0,0,0,0,78,0,0,255,246,96,4,0,0,0,0,3,0,10
166,1,18,9,149,571,0,0,0,2,0,1,0,0,0,0,0,0,0,0,0,1,1,1,0,0,0,0,78,0,0,3,2,67,67,33,0,0,0,0,0,33
0,2,46,9,94,126,0,0,0,0,0,0,0,0,0,0,0,0,0,0,0,0,1,1,0,0,0,0,78,0,0,255,254,100,1,0,0,0,0,0,0,16
0,1,46,1,0,0,0,0,0,0,0,0,0,0,0,0,0,0,0,0,0,0,143,18,0,0,93,96,13,6,0,255,18,7,6,0,0,0,0,100,99,14
0,2,46,9,94,126,0,0,0,0,0,0,0,0,0,0,0,0,0,0,0,0,2,2,0,0,0,0,78,0,0,70,69,99,3,1,0,0,0,0,0,16
0,1,46,1,0,0,0,0,0,0,0,0,0,0,0,0,0,0,0,0,0,0,272,9,0,0,93,96,3,6,0,255,9,4,7,0,0,0,0,100,99,14
0,0,14,9,921,0,0,0,0,0,0,0,0,0,0,0,0,0,0,0,0,0,501,470,0,0,0,0,78,0,0,255,255,100,0,100,0,0,0,0,0,27
0,1,19,9,1016,0,0,0,0,0,0,0,0,0,0,0,0,0,0,0,0,0,2,2,0,0,0,0,78,0,0,52,31,25,6,25,6,0,0,0,0,16
0,0,14,9,921,0,0,0,0,0,0,0,0,0,0,0,0,0,0,0,0,0,133,133,0,0,0,0,78,0,0,255,255,100,0,100,0,0,0,0,0,27
0,0,14,9,921,0,0,0,0,0,0,0,0,0,0,0,0,0,0,0,0,0,501,470,0,0,0,0,78,0,0,255,255,100,0,100,0,0,0,0,0,27
0,0,14,9,921,0,0,0,0,0,0,0,0,0,0,0,0,0,0,0,0,0,501,470,0,0,0,0,78,0,0,255,255,100,0,100,0,0,0,0,0,27
0,1,22,9,192,781,0,0,0,0,0,1,0,0,0,0,0,0,0,0,0,0,8,9,0,0,0,0,78,0,22,9,127,100,0,11,6,0,0,0,0,16
0,2,46,9,42,0,0,0,0,0,0,0,0,0,0,0,0,0,0,0,0,0,4,4,0,0,0,0,78,0,0,255,255,100,0,1,0,0,0,0,0,29
0,1,46,1,0,0,0,0,0,0,0,0,0,0,0,0,0,0,0,0,0,0,203,3,0,0,93,96,1,7,0,255,3,1,7,0,0,0,0,100,99,14
0,1,22,9,193,4318,0,0,0,0,0,1,0,0,0,0,0,0,0,0,0,0,2,16,0,0,0,0,78,0,12,6,255,100,0,17,5,0,0,0,0,16
0,1,22,9,322,4485,0,0,0,0,0,1,0,0,0,0,0,0,0,0,0,0,13,13,0,0,0,0,78,0,0,179,255,100,0,1,2,0,0,0,0,16
0,0,14,9,481,0,0,0,0,0,0,0,0,0,0,0,0,0,0,0,0,0,499,468,0,0,0,0,78,0,0,255,255,100,0,100,0,0,0,0,0,27
0,0,14,9,921,0,0,0,0,0,0,0,0,0,0,0,0,0,0,0,0,0,501,470,0,0,0,0,78,0,0,255,255,100,0,100,0,0,0,0,0,27
0,0,14,9,921,0,0,0,0,0,0,0,0,0,0,0,0,0,0,0,0,0,159,159,0,0,0,0,78,0,0,255,255,100,0,100,0,0,0,0,0,27
0,1,22,9,279,470,0,0,0,0,0,1,0,0,0,0,0,0,0,0,0,0,43,53,0,0,0,0,78,0,4,255,255,100,0,0,0,0,0,0,0,16
0,0,14,9,921,0,0,0,0,0,0,0,0,0,0,0,0,0,0,0,0,0,501,470,0,0,0,0,78,0,0,255,255,100,0,100,0,0,0,0,0,27
0,1,22,9,247,4433,0,0,0,0,0,1,0,0,0,0,0,0,0,0,0,0,4,9,0,0,0,0,78,0,22,32,153,100,0,3,2,0,0,0,0,16
0,0,14,9,921,0,0,0,0,0,0,0,0,0,0,0,0,0,0,0,0,0,501,470,0,0,0,0,78,0,0,255,255,100,0,100,0,0,0,0,0,27
0,0,14,9,921,0,0,0,0,0,0,0,0,0,0,0,0,0,0,0,0,0,107,107,0,0,0,0,78,0,0,255,255,100,0,100,0,0,0,0,0,27
0,0,14,9,921,0,0,0,0,0,0,0,0,0,0,0,0,0,0,0,0,0,135,135,0,0,0,0,78,0,0,255,255,100,0,100,0,0,0,0,0,27
0,0,14,9,921,0,0,0,0,0,0,0,0,0,0,0,0,0,0,0,0,0,107,107,0,0,0,0,78,0,0,255,255,100,0,100,0,0,0,0,0,27
0,0,14,9,921,0,0,0,0,0,0,0,0,0,0,0,0,0,0,0,0,0,500,469,0,0,0,0,78,0,0,255,255,100,0,100,0,0,0,0,0,27
164,1,19,9,2493,0,0,0,0,0,0,0,0,0,0,0,0,0,0,0,0,0,2,2,0,0,0,0,78,0,0,2,2,100,0,100,0,0,0,0,0,33
0,0,14,9,921,0,0,0,0,0,0,0,0,0,0,0,0,0,0,0,0,0,501,470,0,0,0,0,78,0,0,255,255,100,0,100,0,0,0,0,0,27
0,0,14,9,921,0,0,0,0,0,0,0,0,0,0,0,0,0,0,0,0,0,500,469,0,0,0,0,78,0,0,255,255,100,0,100,0,0,0,0,0,27
0,0,14,9,481,0,0,0,0,0,0,0,0,0,0,0,0,0,0,0,0,0,501,470,0,0,0,0,78,0,0,255,255,100,0,100,0,0,0,0,0,27
0,1,19,1,0,0,0,0,0,0,0,0,0,0,0,0,0,0,0,0,0,0,499,10,0,0,91,96,2,97,0,255,10,4,96,0,0,0,0,100,99,25
0,1,46,1,0,0,0,0,0,0,0,0,0,0,0,0,0,0,0,0,0,0,273,14,0,0,93,96,5,6,0,255,14,5,7,0,0,0,0,100,99,14
0,0,14,9,481,0,0,0,0,0,0,0,0,0,0,0,0,0,0,0,0,0,501,470,0,0,0,0,78,0,0,255,255,100,0,100,0,0,0,0,0,27
0,0,14,9,921,0,0,0,0,0,0,0,0,0,0,0,0,0,0,0,0,0,142,142,0,0,0,0,78,0,0,255,255,100,0,100,0,0,0,0,0,27
0,2,46,9,94,126,0,0,0,0,0,0,0,0,0,0,0,0,0,0,0,0,2,2,0,0,0,0,78,0,0,255,254,100,1,0,0,0,0,0,0,16
0,0,14,9,921,0,0,0,0,0,0,0,0,0,0,0,0,0,0,0,0,0,129,129,0,0,0,0,78,0,0,255,255,100,0,100,0,0,0,0,0,27
0,0,14,9,921,0,0,0,0,0,0,0,0,0,0,0,0,0,0,0,0,0,500,469,0,0,0,0,78,0,0,255,255,100,0,100,0,0,0,0,0,27
0,0,14,9,921,0,0,0,0,0,0,0,0,0,0,0,0,0,0,0,0,0,500,469,0,0,0,0,78,0,0,255,255,100,0,100,0,0,0,0,0,27
0,0,14,9,921,0,0,0,0,0,0,0,0,0,0,0,0,0,0,0,0,0,138,138,0,0,0,0,78,0,0,255,255,100,0,100,0,0,0,0,0,27
4,1,44,9,28,75,0,0,0,0,0,1,0,0,0,0,0,0,0,0,0,0,1,1,0,0,0,0,78,0,0,255,255,100,0,0,0,0,0,0,0,4
0,1,46,5,0,0,0,0,0,0,0,0,0,0,0,0,0,0,0,0,0,0,284,13,93,92,0,0,5,6,0,255,13,5,7,0,0,99,100,0,0,14
0,0,14,9,481,0,0,0,0,0,0,0,0,0,0,0,0,0,0,0,0,0,496,465,0,0,0,0,78,0,0,255,255,100,0,100,0,0,0,0,0,27
0,0,14,9,921,0,0,0,0,0,0,0,0,0,0,0,0,0,0,0,0,0,142,142,0,0,0,0,78,0,0,255,255,100,0,100,0,0,0,0,0,27
0,1,46,1,0,0,0,0,0,0,0,0,0,0,0,0,0,0,0,0,0,0,125,17,0,0,93,96,14,7,0,255,17,7,6,0,0,0,0,100,99,14
0,0,14,9,921,0,0,0,0,0,0,0,0,0,0,0,0,0,0,0,0,0,501,470,0,0,0,0,78,0,0,255,255,100,0,100,0,0,0,0,0,27
0,0,14,9,921,0,0,0,0,0,0,0,0,0,0,0,0,0,0,0,0,0,131,131,0,0,0,0,78,0,0,255,255,100,0,100,0,0,0,0,0,27
0,1,46,1,0,0,0,0,0,0,0,0,0,0,0,0,0,0,0,0,0,0,267,14,0,0,93,96,5,6,0,255,14,5,6,0,0,0,0,100,99,14
0,0,14,9,921,0,0,0,0,0,0,0,0,0,0,0,0,0,0,0,0,0,501,470,0,0,0,0,78,0,0,255,255,100,0,100,0,0,0,0,0,27
0,0,14,9,921,0,0,0,0,0,0,0,0,0,0,0,0,0,0,0,0,0,161,161,0,0,0,0,78,0,0,255,255,100,0,100,0,0,0,0,0,27
0,1,22,9,227,340,0,0,0,0,0,1,0,0,0,0,0,0,0,0,0,0,4,4,0,0,0,0,78,0,0,255,255,100,0,0,0,0,0,0,0,16
0,1,22,9,304,3479,0,0,0,0,0,1,0,0,0,0,0,0,0,0,0,0,6,6,0,0,0,0,78,0,0,144,253,100,0,1,2,0,0,0,0,16
0,0,14,9,481,0,0,0,0,0,0,0,0,0,0,0,0,0,0,0,0,0,501,470,0,0,0,0,78,0,0,255,255,100,0,100,0,0,0,0,0,27
0,1,46,5,0,0,0,0,0,0,0,0,0,0,0,0,0,0,0,0,0,0,216,8,93,92,0,0,4,7,0,255,8,3,8,0,0,99,100,0,0,14
0,0,14,9,921,0,0,0,0,0,0,0,0,0,0,0,0,0,0,0,0,0,140,140,0,0,0,0,78,0,0,255,255,100,0,100,0,0,0,0,0,27
0,0,14,9,481,0,0,0,0,0,0,0,0,0,0,0,0,0,0,0,0,0,501,470,0,0,0,0,78,0,0,255,255,100,0,100,0,0,0,0,0,27
0,1,22,9,216,236,0,0,0,0,0,1,0,0,0,0,0,0,0,0,0,0,6,9,0,0,0,0,78,0,33,24,255,100,0,4,1,0,0,0,0,16
0,1,22,9,209,6630,0,0,0,0,0,1,0,0,0,0,0,0,0,0,0,0,11,11,0,0,0,0,78,0,0,187,221,100,0,1,1,1,0,0,0,16
0,0,14,9,921,0,0,0,0,0,0,0,0,0,0,0,0,0,0,0,0,0,137,137,0,0,0,0,78,0,0,255,255,100,0,100,0,0,0,0,0,27
0,1,46,1,0,0,0,0,0,0,0,0,0,0,0,0,0,0,0,0,0,0,240,2,0,0,93,96,1,7,0,255,2,1,7,0,0,0,0,100,99,14
0,1,46,1,0,0,0,0,0,0,0,0,0,0,0,0,0,0,0,0,0,0,118,12,0,0,93,96,10,6,0,255,12,5,5,0,0,0,0,100,99,14
0,0,14,9,921,0,0,0,0,0,0,0,0,0,0,0,0,0,0,0,0,0,501,470,0,0,0,0,78,0,0,255,255,100,0,100,0,0,0,0,0,27
0,0,14,9,473,0,0,0,0,0,0,0,0,0,0,0,0,0,0,0,0,0,501,470,0,0,0,0,78,0,0,255,255,100,0,100,0,0,0,0,0,27
1,1,50,9,1759,268,0,0,0,0,0,1,0,0,0,0,0,0,0,0,0,0,2,2,0,0,0,0,78,0,0,255,246,96,4,0,0,0,0,3,0,10
0,1,22,9,325,1451,0,0,0,0,0,1,0,0,0,0,0,0,0,0,0,0,7,7,0,0,0,0,78,0,0,182,251,100,0,1,3,0,0,0,0,16
0,0,14,9,481,0,0,0,0,0,0,0,0,0,0,0,0,0,0,0,0,0,500,469,0,0,0,0,78,0,0,255,255,100,0,100,0,0,0,0,0,27
0,0,14,9,921,0,0,0,0,0,0,0,0,0,0,0,0,0,0,0,0,0,129,129,0,0,0,0,78,0,0,255,255,100,0,100,0,0,0,0,0,27
0,0,14,9,921,0,0,0,0,0,0,0,0,0,0,0,0,0,0,0,0,0,136,136,0,0,0,0,78,0,0,255,255,100,0,100,0,0,0,0,0,27
0,1,22,9,325,548,0,0,0,0,0,1,0,0,0,0,0,0,0,0,0,0,1,19,0,0,0,0,78,0,16,9,255,100,0,11,1,0,0,0,0,16
0,0,14,9,921,0,0,0,0,0,0,0,0,0,0,0,0,0,0,0,0,0,501,470,0,0,0,0,78,0,0,255,255,100,0,100,0,0,0,0,0,27
0,0,14,9,481,0,0,0,0,0,0,0,0,0,0,0,0,0,0,0,0,0,501,470,0,0,0,0,78,0,0,255,255,100,0,100,0,0,0,0,0,27
0,0,14,9,921,0,0,0,0,0,0,0,0,0,0,0,0,0,0,0,0,0,501,470,0,0,0,0,78,0,0,255,255,100,0,100,0,0,0,0,0,27
0,0,14,9,921,0,0,0,0,0,0,0,0,0,0,0,0,0,0,0,0,0,126,126,0,0,0,0,78,0,0,255,255,100,0,100,0,0,0,0,0,27
0,2,46,9,94,126,0,0,0,0,0,0,0,0,0,0,0,0,0,0,0,0,3,3,0,0,0,0,78,0,0,255,254,100,1,0,0,0,0,0,0,16
0,0,14,9,921,0,0,0,0,0,0,0,0,0,0,0,0,0,0,0,0,0,148,148,0,0,0,0,78,0,0,255,255,100,0,100,0,0,0,0,0,27
0,0,14,9,481,0,0,0,0,0,0,0,0,0,0,0,0,0,0,0,0,0,500,469,0,0,0,0,78,0,0,255,255,100,0,100,0,0,0,0,0,27
0,1,46,1,0,0,0,0,0,0,0,0,0,0,0,0,0,0,0,0,0,0,279,13,1,0,92,96,5,6,0,255,13,5,7,0,0,1,0,99,99,14
0,0,14,9,481,0,0,0,0,0,0,0,0,0,0,0,0,0,0,0,0,0,501,470,0,0,0,0,78,0,0,255,255,100,0,100,0,0,0,0,0,27
0,0,14,9,473,0,0,0,0,0,0,0,0,0,0,0,0,0,0,0,0,0,501,470,0,0,0,0,78,0,0,255,255,100,0,100,0,0,0,0,0,27
0,1,46,1,0,0,0,0,0,0,0,0,0,0,0,0,0,0,0,0,0,0,212,14,0,0,93,96,7,7,0,255,14,5,7,0,0,0,0,100,99,14
0,0,14,9,921,0,0,0,0,0,0,0,0,0,0,0,0,0,0,0,0,0,501,470,0,0,0,0,78,0,0,255,255,100,0,100,0,0,0,0,0,27
0,0,14,9,921,0,0,0,0,0,0,0,0,0,0,0,0,0,0,0,0,0,158,158,0,0,0,0,78,0,0,255,255,100,0,100,0,0,0,0,0,27
615,1,56,9,0,33,0,0,0,0,0,0,0,0,0,0,0,0,0,0,0,0,1,1,0,0,0,0,78,0,0,255,106,42,2,0,0,56,37,1,1,21
0,0,14,9,481,0,0,0,0,0,0,0,0,0,0,0,0,0,0,0,0,0,501,470,0,0,0,0,78,0,0,255,255,100,0,100,0,0,0,0,0,27
0,1,22,9,198,8213,0,0,0,0,0,1,0,0,0,0,0,0,0,0,0,0,1,1,0,0,0,0,78,0,0,25,255,100,0,4,4,0,0,0,0,16
0,0,14,9,921,0,0,0,0,0,0,0,0,0,0,0,0,0,0,0,0,0,148,148,0,0,0,0,78,0,0,255,255,100,0,100,0,0,0,0,0,27
0,0,14,9,921,0,0,0,0,0,0,0,0,0,0,0,0,0,0,0,0,0,501,470,0,0,0,0,78,0,0,255,255,100,0,100,0,0,0,0,0,27
0,2,46,9,94,127,0,0,0,0,0,0,0,0,0,0,0,0,0,0,0,0,1,1,0,0,0,0,78,0,0,255,253,99,1,0,0,0,0,0,0,28
0,0,14,9,921,0,0,0,0,0,0,0,0,0,0,0,0,0,0,0,0,0,501,470,0,0,0,0,78,0,0,255,255,100,0,100,0,0,0,0,0,27
0,0,14,9,921,0,0,0,0,0,0,0,0,0,0,0,0,0,0,0,0,0,139,139,0,0,0,0,78,0,0,255,255,100,0,100,0,0,0,0,0,27
0,0,14,9,481,0,0,0,0,0,0,0,0,0,0,0,0,0,0,0,0,0,501,470,0,0,0,0,78,0,0,255,255,100,0,100,0,0,0,0,0,27
0,0,14,9,481,0,0,0,0,0,0,0,0,0,0,0,0,0,0,0,0,0,501,470,0,0,0,0,78,0,0,255,255,100,0,100,0,0,0,0,0,27
0,1,22,9,205,4484,0,0,0,0,0,1,0,0,0,0,0,0,0,0,0,0,7,39,0,0,0,0,78,0,5,7,255,100,0,14,7,0,0,0,0,16
0,1,22,9,322,747,0,0,0,0,0,1,0,0,0,0,0,0,0,0,0,0,6,6,0,0,0,0,78,0,0,38,255,100,0,3,2,0,1,0,0,16
0,0,14,9,921,0,0,0,0,0,0,0,0,0,0,0,0,0,0,0,0,0,500,469,0,0,0,0,78,0,0,255,255,100,0,100,0,0,0,0,0,27
0,2,46,9,94,0,0,0,0,0,0,0,0,0,0,0,0,0,0,0,0,0,1,1,0,0,0,0,78,0,0,255,253,99,1,0,0,0,0,0,0,16
0,1,22,9,352,1947,0,0,0,0,0,1,0,0,0,0,0,0,0,0,0,0,1,1,0,0,0,0,78,0,0,2,255,100,0,50,2,0,0,0,0,16
0,2,46,9,94,126,0,0,0,0,0,0,0,0,0,0,0,0,0,0,0,0,1,1,0,0,0,0,78,0,0,255,254,100,1,1,0,0,0,0,0,16
0,0,14,9,921,0,0,0,0,0,0,0,0,0,0,0,0,0,0,0,0,0,501,470,0,0,0,0,78,0,0,255,255,100,0,100,0,0,0,0,0,27
0,2,46,9,94,126,0,0,0,0,0,0,0,0,0,0,0,0,0,0,0,0,1,1,0,0,0,0,78,0,0,255,254,100,1,0,0,0,0,0,0,28
0,1,22,9,205,980,0,0,0,0,0,1,0,0,0,0,0,0,0,0,0,0,36,37,0,0,0,0,78,0,5,36,241,100,0,3,2,0,0,0,0,16
0,1,22,9,310,253,0,0,0,0,0,1,0,0,0,0,0,0,0,0,0,0,13,14,0,0,0,0,78,0,14,255,255,100,0,0,0,0,0,0,0,16
0,1,46,1,0,0,0,0,0,0,0,0,0,0,0,0,0,0,0,0,0,0,248,7,0,0,93,96,3,6,0,255,7,3,7,0,0,0,0,100,99,14
0,0,14,9,921,0,0,0,0,0,0,0,0,0,0,0,0,0,0,0,0,0,121,121,0,0,0,0,78,0,0,255,255,100,0,100,0,0,0,0,0,27
0,0,14,9,921,0,0,0,0,0,0,0,0,0,0,0,0,0,0,0,0,0,501,470,0,0,0,0,78,0,0,255,255,100,0,100,0,0,0,0,0,27
0,1,46,1,0,0,0,0,0,0,0,0,0,0,0,0,0,0,0,0,0,0,129,17,0,0,93,96,13,6,0,255,17,7,6,0,0,0,0,100,99,14
0,1,46,1,0,0,0,0,0,0,0,0,0,0,0,0,0,0,0,0,0,0,260,14,0,0,93,96,5,6,0,255,14,5,6,0,0,0,0,100,99,14
0,1,22,9,232,3669,0,0,0,0,0,1,0,0,0,0,0,0,0,0,0,0,9,9,0,0,0,0,78,0,0,255,255,100,0,0,0,0,0,0,0,16
300,1,22,4,2444,0,0,0,0,0,0,1,0,0,0,0,0,0,0,0,0,0,9,9,0,0,93,96,78,0,0,255,244,96,1,0,0,2,2,41,43,0
0,1,46,1,0,0,0,0,0,0,0,0,0,0,0,0,0,0,0,0,0,0,200,5,0,0,93,96,3,6,0,255,5,2,6,0,0,0,0,100,99,14
0,0,14,9,481,0,0,0,0,0,0,0,0,0,0,0,0,0,0,0,0,0,501,470,0,0,0,0,78,0,0,255,255,100,0,100,0,0,0,0,0,27
0,0,14,9,481,0,0,0,0,0,0,0,0,0,0,0,0,0,0,0,0,0,501,470,0,0,0,0,78,0,0,255,255,100,0,100,0,0,0,0,0,27
0,0,14,9,481,0,0,0,0,0,0,0,0,0,0,0,0,0,0,0,0,0,501,470,0,0,0,0,78,0,0,255,255,100,0,100,0,0,0,0,0,27
0,1,46,1,0,0,0,0,0,0,0,0,0,0,0,0,0,0,0,0,0,0,274,12,0,0,93,96,4,6,0,255,12,5,7,0,0,0,0,100,99,14
0,0,14,9,921,0,0,0,0,0,0,0,0,0,0,0,0,0,0,0,0,0,499,468,0,0,0,0,78,0,0,255,255,100,0,100,0,0,0,0,0,27
0,0,14,9,921,0,0,0,0,0,0,0,0,0,0,0,0,0,0,0,0,0,501,470,0,0,0,0,78,0,0,255,255,100,0,100,0,0,0,0,0,27
0,1,46,5,0,0,0,0,0,0,0,0,0,0,0,0,0,0,0,0,0,0,137,9,93,92,0,0,7,6,0,255,9,4,5,0,0,99,100,0,0,14
0,0,14,9,921,0,0,0,0,0,0,0,0,0,0,0,0,0,0,0,0,0,501,470,0,0,0,0,78,0,0,255,255,100,0,100,0,0,0,0,0,27
0,0,14,9,921,0,0,0,0,0,0,0,0,0,0,0,0,0,0,0,0,0,500,469,0,0,0,0,78,0,0,255,255,100,0,100,0,0,0,0,0,27
0,1,22,9,148,486,0,0,0,0,0,1,0,0,0,0,0,0,0,0,0,0,13,13,0,0,0,0,78,0,0,71,174,100,0,1,5,0,0,0,0,16
0,0,14,9,921,0,0,0,0,0,0,0,0,0,0,0,0,0,0,0,0,0,500,469,0,0,0,0,78,0,0,255,255,100,0,100,0,0,0,0,0,27
0,0,14,9,921,0,0,0,0,0,0,0,0,0,0,0,0,0,0,0,0,0,129,129,0,0,0,0,78,0,0,255,255,100,0,100,0,0,0,0,0,27
0,1,56,6,0,0,0,0,0,0,0,0,0,0,0,0,0,0,0,0,0,0,4,19,25,32,68,25,47,74,56,61,85,33,8,2,2,2,1,89,69,11
1,1,50,9,1759,268,0,0,0,0,0,1,0,0,0,0,0,0,0,0,0,0,2,2,0,0,0,0,78,0,0,255,245,96,4,0,0,0,0,4,0,10
0,1,46,1,0,0,0,0,0,0,0,0,0,0,0,0,0,0,0,0,0,0,212,6,0,0,93,96,3,7,0,255,6,2,7,0,0,0,0,100,99,14
0,0,14,9,921,0,0,0,0,0,0,0,0,0,0,0,0,0,0,0,0,0,501,470,0,0,0,0,78,0,0,255,255,100,0,100,0,0,0,0,0,27
0,0,14,9,481,0,0,0,0,0,0,0,0,0,0,0,0,0,0,0,0,0,501,470,0,0,0,0,78,0,0,255,255,100,0,100,0,0,0,0,0,27
0,0,14,9,921,0,0,0,0,0,0,0,0,0,0,0,0,0,0,0,0,0,501,470,0,0,0,0,78,0,0,255,255,100,0,100,0,0,0,0,0,27
0,0,14,9,921,0,0,0,0,0,0,0,0,0,0,0,0,0,0,0,0,0,121,121,0,0,0,0,78,0,0,255,255,100,0,100,0,0,0,0,0,27
0,0,14,9,921,0,0,0,0,0,0,0,0,0,0,0,0,0,0,0,0,0,127,127,0,0,0,0,78,0,0,255,255,100,0,100,0,0,0,0,0,27
0,0,14,9,481,0,0,0,0,0,0,0,0,0,0,0,0,0,0,0,0,0,501,470,0,0,0,0,78,0,0,255,255,100,0,100,0,0,0,0,0,27
0,0,14,9,921,0,0,0,0,0,0,0,0,0,0,0,0,0,0,0,0,0,500,469,0,0,0,0,78,0,0,255,255,100,0,100,0,0,0,0,0,27
0,0,14,9,481,0,0,0,0,0,0,0,0,0,0,0,0,0,0,0,0,0,501,470,0,0,0,0,78,0,0,255,255,100,0,100,0,0,0,0,0,27
1,1,50,9,1759,268,0,0,0,0,0,1,0,0,0,0,0,0,0,0,0,0,3,3,0,0,0,0,78,0,0,255,244,96,5,0,0,0,0,3,0,10
0,0,14,9,921,0,0,0,0,0,0,0,0,0,0,0,0,0,0,0,0,0,501,470,0,0,0,0,78,0,0,255,255,100,0,100,0,0,0,0,0,27
0,1,46,1,0,0,0,0,0,0,0,0,0,0,0,0,0,0,0,0,0,0,131,13,0,0,93,96,10,5,0,255,13,5,6,0,0,0,0,100,99,14
0,0,14,9,921,0,0,0,0,0,0,0,0,0,0,0,0,0,0,0,0,0,501,470,0,0,0,0,78,0,0,255,255,100,0,100,0,0,0,0,0,27
0,0,14,9,921,0,0,0,0,0,0,0,0,0,0,0,0,0,0,0,0,0,501,470,0,0,0,0,78,0,0,255,255,100,0,100,0,0,0,0,0,27
0,1,46,5,0,0,0,0,0,0,0,0,0,0,0,0,0,0,0,0,0,0,135,12,75,79,18,16,9,6,0,255,12,5,5,0,0,77,83,23,17,14
0,0,14,9,921,0,0,0,0,0,0,0,0,0,0,0,0,0,0,0,0,0,501,470,0,0,0,0,78,0,0,255,255,100,0,100,0,0,0,0,0,27
0,2,46,9,94,126,0,0,0,0,0,0,0,0,0,0,0,0,0,0,0,0,2,2,0,0,0,0,78,0,0,255,255,100,0,1,0,0,0,0,0,16
0,0,14,9,481,0,0,0,0,0,0,0,0,0,0,0,0,0,0,0,0,0,500,469,0,0,0,0,78,0,0,255,255,100,0,100,0,0,0,0,0,27
0,1,46,5,0,0,0,0,0,0,0,0,0,0,0,0,0,0,0,0,0,0,38,3,93,92,0,0,8,16,0,255,3,1,15,0,0,99,100,0,0,14
0,1,46,1,0,0,0,0,0,0,0,0,0,0,0,0,0,0,0,0,0,0,280,16,0,0,93,96,6,6,0,255,16,6,7,0,0,0,0,100,99,14
0,1,22,9,214,463,0,0,0,0,0,1,0,0,0,0,0,0,0,0,0,0,9,9,0,0,0,0,78,0,0,255,255,100,0,0,0,0,0,0,0,16
0,0,14,9,481,0,0,0,0,0,0,0,0,0,0,0,0,0,0,0,0,0,501,470,0,0,0,0,78,0,0,255,255,100,0,100,0,0,0,0,0,27
0,0,14,9,921,0,0,0,0,0,0,0,0,0,0,0,0,0,0,0,0,0,501,470,0,0,0,0,78,0,0,255,255,100,0,100,0,0,0,0,0,27
0,1,46,1,0,0,0,0,0,0,0,0,0,0,0,0,0,0,0,0,0,0,126,4,0,0,93,96,3,7,0,255,4,2,6,0,0,0,0,100,99,14
0,0,14,9,481,0,0,0,0,0,0,0,0,0,0,0,0,0,0,0,0,0,501,470,0,0,0,0,78,0,0,255,255,100,0,100,0,0,0,0,0,27
0,1,50,9,795,305,0,0,0,0,0,1,0,0,0,0,0,0,0,0,0,0,1,1,0,0,0,0,78,0,0,156,114,73,3,1,0,0,0,1,2,16
0,0,14,9,921,0,0,0,0,0,0,0,0,0,0,0,0,0,0,0,0,0,501,470,0,0,0,0,78,0,0,255,255,100,0,100,0,0,0,0,0,27
0,1,22,9,138,6120,0,0,0,0,0,1,0,0,0,0,0,0,0,0,0,0,15,15,0,0,0,0,78,0,0,155,255,100,0,1,2,0,0,0,0,16
0,2,46,9,48,0,0,0,0,0,0,0,0,0,0,0,0,0,0,0,0,0,2,2,0,0,0,0,78,0,0,255,255,100,0,1,0,0,0,0,0,29
0,1,22,9,356,3122,0,0,0,0,0,1,0,0,0,0,0,0,0,0,0,0,1,6,0,0,0,0,78,0,60,188,255,100,0,1,1,1,0,0,0,16
1,1,50,9,1759,268,0,0,0,0,0,1,0,0,0,0,0,0,0,0,0,0,3,3,0,0,0,0,78,0,0,255,246,96,4,0,0,0,0,4,0,10
0,2,46,9,40,0,0,0,0,0,0,0,0,0,0,0,0,0,0,0,0,0,3,3,0,0,0,0,78,0,0,255,254,100,1,0,0,0,0,0,0,29
0,0,14,9,481,0,0,0,0,0,0,0,0,0,0,0,0,0,0,0,0,0,501,470,0,0,0,0,78,0,0,255,255,100,0,100,0,0,0,0,0,27
0,0,14,9,921,0,0,0,0,0,0,0,0,0,0,0,0,0,0,0,0,0,131,131,0,0,0,0,78,0,0,255,255,100,0,100,0,0,0,0,0,27
0,2,46,9,94,126,0,0,0,0,0,0,0,0,0,0,0,0,0,0,0,0,1,1,0,0,0,0,78,0,0,255,254,100,1,0,0,0,0,0,0,28
0,0,14,9,921,0,0,0,0,0,0,0,0,0,0,0,0,0,0,0,0,0,501,470,0,0,0,0,78,0,0,255,255,100,0,100,0,0,0,0,0,27
0,0,14,9,473,0,0,0,0,0,0,0,0,0,0,0,0,0,0,0,0,0,501,470,0,0,0,0,78,0,0,255,255,100,0,100,0,0,0,0,0,27
0,0,14,9,921,0,0,0,0,0,0,0,0,0,0,0,0,0,0,0,0,0,169,169,0,0,0,0,78,0,0,255,255,100,0,100,0,0,0,0,0,27
0,1,46,1,0,0,0,0,0,0,0,0,0,0,0,0,0,0,0,0,0,0,251,9,0,0,93,96,4,7,0,255,9,4,7,0,0,0,0,100,99,14
0,1,22,9,187,305,0,0,0,0,0,1,0,0,0,0,0,0,0,0,0,0,14,20,0,0,0,0,78,0,15,255,255,100,0,0,0,0,0,0,0,16
0,0,14,9,481,0,0,0,0,0,0,0,0,0,0,0,0,0,0,0,0,0,500,469,0,0,0,0,78,0,0,255,255,100,0,100,0,0,0,0,0,27
0,0,14,9,921,0,0,0,0,0,0,0,0,0,0,0,0,0,0,0,0,0,501,470,0,0,0,0,78,0,0,255,255,100,0,100,0,0,0,0,0,27
0,0,14,9,481,0,0,0,0,0,0,0,0,0,0,0,0,0,0,0,0,0,501,470,0,0,0,0,78,0,0,255,255,100,0,100,0,0,0,0,0,27
0,1,46,1,0,0,0,0,0,0,0,0,0,0,0,0,0,0,0,0,0,0,214,5,0,0,93,96,2,7,0,255,5,2,8,0,0,0,0,100,99,14
0,0,14,9,921,0,0,0,0,0,0,0,0,0,0,0,0,0,0,0,0,0,500,469,0,0,0,0,78,0,0,255,255,100,0,100,0,0,0,0,0,27
0,1,46,1,0,0,0,0,0,0,0,0,0,0,0,0,0,0,0,0,0,0,232,11,0,0,93,96,5,6,0,255,11,4,7,0,0,0,0,100,99,14
0,1,46,1,0,0,0,0,0,0,0,0,0,0,0,0,0,0,0,0,0,0,232,7,0,0,93,96,3,7,0,255,7,3,7,0,0,0,0,100,99,14
0,0,14,9,921,0,0,0,0,0,0,0,0,0,0,0,0,0,0,0,0,0,501,470,0,0,0,0,78,0,0,255,255,100,0,100,0,0,0,0,0,27
0,0,14,9,921,0,0,0,0,0,0,0,0,0,0,0,0,0,0,0,0,0,501,470,0,0,0,0,78,0,0,255,255,100,0,100,0,0,0,0,0,27
0,0,14,9,921,0,0,0,0,0,0,0,0,0,0,0,0,0,0,0,0,0,501,470,0,0,0,0,78,0,0,255,255,100,0,100,0,0,0,0,0,27
0,0,14,9,921,0,0,0,0,0,0,0,0,0,0,0,0,0,0,0,0,0,144,144,0,0,0,0,78,0,0,255,255,100,0,100,0,0,0,0,0,27
0,0,14,9,921,0,0,0,0,0,0,0,0,0,0,0,0,0,0,0,0,0,500,469,0,0,0,0,78,0,0,255,255,100,0,100,0,0,0,0,0,27
0,0,14,9,481,0,0,0,0,0,0,0,0,0,0,0,0,0,0,0,0,0,501,470,0,0,0,0,78,0,0,255,255,100,0,100,0,0,0,0,0,27
0,0,14,9,921,0,0,0,0,0,0,0,0,0,0,0,0,0,0,0,0,0,501,470,0,0,0,0,78,0,0,255,255,100,0,100,0,0,0,0,0,27
0,1,22,9,318,217,0,0,0,0,0,1,0,0,0,0,0,0,0,0,0,0,4,15,0,0,0,0,78,0,13,70,255,100,0,1,2,0,0,0,0,16
0,1,46,5,0,0,0,0,0,0,0,0,0,0,0,0,0,0,0,0,0,0,114,16,93,92,0,0,14,5,0,255,16,6,6,0,0,99,100,0,0,14
0,0,14,9,921,0,0,0,0,0,0,0,0,0,0,0,0,0,0,0,0,0,501,470,0,0,0,0,78,0,0,255,255,100,0,100,0,0,0,0,0,27
0,0,14,9,921,0,0,0,0,0,0,0,0,0,0,0,0,0,0,0,0,0,501,470,0,0,0,0,78,0,0,255,255,100,0,100,0,0,0,0,0,27
0,1,46,1,0,0,0,0,0,0,0,0,0,0,0,0,0,0,0,0,0,0,275,18,0,0,93,96,7,6,0,255,18,7,6,0,0,0,0,100,99,14
0,0,14,9,481,0,0,0,0,0,0,0,0,0,0,0,0,0,0,0,0,0,501,470,0,0,0,0,78,0,0,255,255,100,0,100,0,0,0,0,0,27
0,0,14,9,921,0,0,0,0,0,0,0,0,0,0,0,0,0,0,0,0,0,501,470,0,0,0,0,78,0,0,255,255,100,0,100,0,0,0,0,0,27
0,1,22,9,214,5235,0,0,0,0,0,1,0,0,0,0,0,0,0,0,0,0,36,36,0,0,0,0,78,0,0,255,255,100,0,1,0,0,0,0,0,16
0,0,14,9,921,0,0,0,0,0,0,0,0,0,0,0,0,0,0,0,0,0,136,136,0,0,0,0,78,0,0,255,255,100,0,100,0,0,0,0,0,27
0,1,50,9,0,65,0,0,0,0,0,1,0,0,0,0,0,0,0,0,0,0,2,3,0,0,0,0,78,0,60,167,190,81,2,1,1,0,0,0,2,16
0,1,25,5,0,0,0,0,0,0,0,0,0,0,0,0,0,0,0,0,0,0,1,1,93,92,0,0,78,0,0,158,74,34,2,1,3,99,72,0,28,11
0,0,14,9,921,0,0,0,0,0,0,0,0,0,0,0,0,0,0,0,0,0,501,470,0,0,0,0,78,0,0,255,255,100,0,100,0,0,0,0,0,27
0,1,46,1,0,0,0,0,0,0,0,0,0,0,0,0,0,0,0,0,0,0,113,7,0,0,93,96,6,6,0,255,7,3,5,0,0,0,0,100,99,14
0,2,46,9,94,126,0,0,0,0,0,0,0,0,0,0,0,0,0,0,0,0,1,1,0,0,0,0,78,0,0,255,254,100,1,0,0,0,0,0,0,16
0,0,14,9,921,0,0,0,0,0,0,0,0,0,0,0,0,0,0,0,0,0,500,469,0,0,0,0,78,0,0,255,255,100,0,100,0,0,0,0,0,27
0,0,14,9,921,0,0,0,0,0,0,0,0,0,0,0,0,0,0,0,0,0,123,123,0,0,0,0,78,0,0,255,255,100,0,100,0,0,0,0,0,27
0,0,14,9,921,0,0,0,0,0,0,0,0,0,0,0,0,0,0,0,0,0,499,468,0,0,0,0,78,0,0,255,255,100,0,100,0,0,0,0,0,27
0,0,14,9,921,0,0,0,0,0,0,0,0,0,0,0,0,0,0,0,0,0,501,470,0,0,0,0,78,0,0,255,255,100,0,100,0,0,0,0,0,27
1,1,50,9,1759,268,0,0,0,0,0,1,0,0,0,0,0,0,0,0,0,0,2,2,0,0,0,0,78,0,0,255,246,96,4,0,0,0,0,3,0,10
0,0,14,9,481,0,0,0,0,0,0,0,0,0,0,0,0,0,0,0,0,0,501,470,0,0,0,0,78,0,0,255,255,100,0,100,0,0,0,0,0,27
0,0,14,9,481,0,0,0,0,0,0,0,0,0,0,0,0,0,0,0,0,0,501,470,0,0,0,0,78,0,0,255,255,100,0,100,0,0,0,0,0,27
0,0,14,9,921,0,0,0,0,0,0,0,0,0,0,0,0,0,0,0,0,0,501,470,0,0,0,0,78,0,0,255,254,100,1,100,0,0,0,0,0,27
0,0,14,9,921,0,0,0,0,0,0,0,0,0,0,0,0,0,0,0,0,0,149,149,0,0,0,0,78,0,0,255,255,100,0,100,0,0,0,0,0,27
0,2,46,9,46,0,0,0,0,0,0,0,0,0,0,0,0,0,0,0,0,0,4,4,0,0,0,0,78,0,0,255,254,100,1,1,0,0,0,0,0,29
0,0,14,9,921,0,0,0,0,0,0,0,0,0,0,0,0,0,0,0,0,0,501,470,0,0,0,0,78,0,0,255,255,100,0,100,0,0,0,0,0,27
0,0,14,9,921,0,0,0,0,0,0,0,0,0,0,0,0,0,0,0,0,0,110,110,0,0,0,0,78,0,0,255,255,100,0,100,0,0,0,0,0,27
0,0,14,9,921,0,0,0,0,0,0,0,0,0,0,0,0,0,0,0,0,0,146,146,0,0,0,0,78,0,0,255,255,100,0,100,0,0,0,0,0,27
0,0,14,9,921,0,0,0,0,0,0,0,0,0,0,0,0,0,0,0,0,0,501,470,0,0,0,0,78,0,0,255,255,100,0,100,0,0,0,0,0,27
0,0,14,9,481,0,0,0,0,0,0,0,0,0,0,0,0,0,0,0,0,0,501,470,0,0,0,0,78,0,0,255,255,100,0,100,0,0,0,0,0,27
0,2,11,9,42,96,0,0,0,0,0,0,0,0,0,0,0,0,0,0,0,0,1,2,0,0,0,0,78,0,86,255,253,99,1,0,0,0,0,0,0,16
0,1,46,1,0,0,0,0,0,0,0,0,0,0,0,0,0,0,0,0,0,0,131,6,0,0,93,96,5,7,0,255,6,2,6,0,0,0,0,100,99,14
0,1,46,1,0,0,0,0,0,0,0,0,0,0,0,0,0,0,0,0,0,0,143,12,0,0,93,96,8,6,0,255,12,5,5,0,0,0,0,100,99,14
0,0,14,9,481,0,0,0,0,0,0,0,0,0,0,0,0,0,0,0,0,0,501,470,0,0,0,0,78,0,0,255,255,100,0,100,0,0,0,0,0,27
0,0,14,9,921,0,0,0,0,0,0,0,0,0,0,0,0,0,0,0,0,0,501,470,0,0,0,0,78,0,0,255,255,100,0,100,0,0,0,0,0,27
0,0,14,9,921,0,0,0,0,0,0,0,0,0,0,0,0,0,0,0,0,0,501,470,0,0,0,0,78,0,0,255,255,100,0,100,0,0,0,0,0,27
0,0,14,9,921,0,0,0,0,0,0,0,0,0,0,0,0,0,0,0,0,0,501,470,0,0,0,0,78,0,0,255,255,100,0,100,0,0,0,0,0,27
0,1,22,5,0,0,0,0,0,0,0,0,0,0,0,0,0,0,0,0,0,0,157,9,93,92,0,0,6,10,0,255,9,4,10,0,0,99,100,0,0,14
0,0,14,9,481,0,0,0,0,0,0,0,0,0,0,0,0,0,0,0,0,0,498,467,0,0,0,0,78,0,0,255,255,100,0,100,0,0,0,0,0,27
0,0,14,9,481,0,0,0,0,0,0,0,0,0,0,0,0,0,0,0,0,0,500,469,0,0,0,0,78,0,0,255,255,100,0,100,0,0,0,0,0,27
0,0,14,9,921,0,0,0,0,0,0,0,0,0,0,0,0,0,0,0,0,0,501,470,0,0,0,0,78,0,0,255,255,100,0,100,0,0,0,0,0,27
5,1,44,9,28,75,0,0,0,0,0,1,0,0,0,0,0,0,0,0,0,0,1,1,0,0,0,0,78,0,0,255,246,96,1,0,0,0,0,0,0,4
0,1,22,9,214,381,0,0,0,0,0,1,0,0,0,0,0,0,0,0,0,0,12,13,0,0,0,0,78,0,15,81,255,100,0,1,5,0,0,0,0,16
0,1,46,1,0,0,0,0,0,0,0,0,0,0,0,0,0,0,0,0,0,0,250,10,0,0,93,96,4,7,0,255,10,4,7,0,0,0,0,100,99,14
0,0,14,9,921,0,0,0,0,0,0,0,0,0,0,0,0,0,0,0,0,0,501,470,0,0,0,0,78,0,0,255,255,100,0,100,0,0,0,0,0,27
0,0,14,9,921,0,0,0,0,0,0,0,0,0,0,0,0,0,0,0,0,0,389,374,0,0,0,0,78,0,0,255,255,100,0,100,0,0,0,0,0,27
0,1,22,9,202,2496,0,0,0,0,0,1,0,0,0,0,0,0,0,0,0,0,2,2,0,0,0,0,78,0,0,41,255,100,0,2,2,0,0,0,0,16
0,1,22,9,2415,5785,0,0,0,2,0,1,1,0,0,0,0,0,0,0,0,0,4,4,0,0,0,0,78,0,0,255,254,100,1,0,0,0,0,4,4,1
0,0,14,9,921,0,0,0,0,0,0,0,0,0,0,0,0,0,0,0,0,0,501,470,0,0,0,0,78,0,0,255,255,100,0,100,0,0,0,0,0,27
0,1,22,9,221,431,0,0,0,0,0,1,0,0,0,0,0,0,0,0,0,0,1,1,0,0,0,0,78,0,0,4,232,100,0,25,6,0,0,0,0,16
0,0,14,9,921,0,0,0,0,0,0,0,0,0,0,0,0,0,0,0,0,0,501,470,0,0,0,0,78,0,0,255,255,100,0,100,0,0,0,0,0,27
0,2,46,9,94,126,0,0,0,0,0,0,0,0,0,0,0,0,0,0,0,0,1,1,0,0,0,0,78,0,0,255,253,99,1,0,0,0,0,0,0,28
0,1,46,5,0,0,0,0,0,0,0,0,0,0,0,0,0,0,0,0,0,0,103,3,93,92,0,0,3,7,0,255,3,1,6,0,0,99,100,0,0,14
0,2,46,9,94,87,0,0,0,0,0,0,0,0,0,0,0,0,0,0,0,0,1,1,0,0,0,0,78,0,0,255,255,100,0,0,0,0,0,0,0,28
0,1,46,5,0,0,0,0,0,0,0,0,0,0,0,0,0,0,0,0,0,0,34,4,93,92,0,0,12,21,0,255,4,2,17,0,0,99,100,0,0,14
0,1,46,5,0,0,0,0,0,0,0,0,0,0,0,0,0,0,0,0,0,0,280,18,93,92,0,0,6,6,0,255,18,7,7,0,0,99,100,0,0,14
0,1,46,1,0,0,0,0,0,0,0,0,0,0,0,0,0,0,0,0,0,0,125,6,0,0,93,96,5,6,0,255,6,2,5,0,0,0,0,100,99,14
0,2,46,9,94,0,0,0,0,0,0,0,0,0,0,0,0,0,0,0,0,0,1,1,0,0,0,0,78,0,0,255,253,99,1,0,0,0,0,0,0,16
0,0,14,9,921,0,0,0,0,0,0,0,0,0,0,0,0,0,0,0,0,0,501,470,0,0,0,0,78,0,0,255,255,100,0,100,0,0,0,0,0,27
0,0,14,9,481,0,0,0,0,0,0,0,0,0,0,0,0,0,0,0,0,0,501,470,0,0,0,0,78,0,0,255,255,100,0,100,0,0,0,0,0,27
0,0,14,9,921,0,0,0,0,0,0,0,0,0,0,0,0,0,0,0,0,0,500,469,0,0,0,0,78,0,0,255,255,100,0,100,0,0,0,0,0,27
0,1,46,5,0,0,0,0,0,0,0,0,0,0,0,0,0,0,0,0,0,0,234,16,93,92,0,0,7,7,0,255,16,6,8,0,0,99,100,0,0,14
0,2,46,9,94,127,0,0,0,0,0,0,0,0,0,0,0,0,0,0,0,0,4,4,0,0,0,0,78,0,0,255,254,100,1,1,0,0,0,0,0,16
0,0,14,9,921,0,0,0,0,0,0,0,0,0,0,0,0,0,0,0,0,0,499,468,0,0,0,0,78,0,0,255,255,100,0,100,0,0,0,0,0,27
0,0,14,9,921,0,0,0,0,0,0,0,0,0,0,0,0,0,0,0,0,0,500,469,0,0,0,0,78,0,0,255,255,100,0,100,0,0,0,0,0,27
0,0,14,9,921,0,0,0,0,0,0,0,0,0,0,0,0,0,0,0,0,0,501,470,0,0,0,0,78,0,0,255,255,100,0,100,0,0,0,0,0,27
0,0,14,9,921,0,0,0,0,0,0,0,0,0,0,0,0,0,0,0,0,0,501,470,0,0,0,0,78,0,0,255,255,100,0,100,0,0,0,0,0,27
0,0,14,9,921,0,0,0,0,0,0,0,0,0,0,0,0,0,0,0,0,0,499,468,0,0,0,0,78,0,0,255,255,100,0,100,0,0,0,0,0,27
0,0,14,9,921,0,0,0,0,0,0,0,0,0,0,0,0,0,0,0,0,0,500,469,0,0,0,0,78,0,0,255,255,100,0,100,0,0,0,0,0,27
0,0,14,9,921,0,0,0,0,0,0,0,0,0,0,0,0,0,0,0,0,0,96,96,0,0,0,0,78,0,0,255,255,100,0,100,0,0,0,0,0,27
0,0,14,9,921,0,0,0,0,0,0,0,0,0,0,0,0,0,0,0,0,0,171,171,0,0,0,0,78,0,0,255,255,100,0,100,0,0,0,0,0,27
0,1,46,1,0,0,0,0,0,0,0,0,0,0,0,0,0,0,0,0,0,0,217,10,0,0,93,96,5,7,0,255,10,4,7,0,0,0,0,100,99,14
0,0,14,9,921,0,0,0,0,0,0,0,0,0,0,0,0,0,0,0,0,0,501,470,0,0,0,0,78,0,0,255,255,100,0,100,0,0,0,0,0,27
0,1,22,9,290,306,0,0,0,0,0,1,0,0,0,0,0,0,0,0,0,0,3,6,0,0,0,0,78,0,46,3,255,100,0,33,2,0,0,0,0,16
0,0,14,9,481,0,0,0,0,0,0,0,0,0,0,0,0,0,0,0,0,0,501,470,0,0,0,0,78,0,0,255,255,100,0,100,0,0,0,0,0,27
0,2,46,9,94,126,0,0,0,0,0,0,0,0,0,0,0,0,0,0,0,0,2,2,0,0,0,0,78,0,0,255,254,100,1,0,0,0,0,0,0,16
0,0,14,9,481,0,0,0,0,0,0,0,0,0,0,0,0,0,0,0,0,0,500,469,0,0,0,0,78,0,0,255,255,100,0,100,0,0,0,0,0,27
0,1,22,9,168,6665,0,0,0,0,0,1,0,0,0,0,0,0,0,0,0,0,1,1,0,0,0,0,78,0,0,17,245,100,0,6,8,0,0,0,0,16
0,0,14,9,921,0,0,0,0,0,0,0,0,0,0,0,0,0,0,0,0,0,501,470,0,0,0,0,78,0,0,255,255,100,0,100,0,0,0,0,0,27
0,0,14,9,921,0,0,0,0,0,0,0,0,0,0,0,0,0,0,0,0,0,501,470,0,0,0,0,78,0,0,255,255,100,0,100,0,0,0,0,0,27
0,1,46,5,0,0,0,0,0,0,0,0,0,0,0,0,0,0,0,0,0,0,226,19,93,92,0,0,8,8,0,255,19,7,8,0,0,99,100,0,0,14
1,1,50,9,1759,268,0,0,0,0,0,1,0,0,0,0,0,0,0,0,0,0,3,3,0,0,0,0,78,0,0,255,245,96,4,0,0,0,0,3,0,10
0,0,14,9,921,0,0,0,0,0,0,0,0,0,0,0,0,0,0,0,0,0,501,470,0,0,0,0,78,0,0,255,255,100,0,100,0,0,0,0,0,27
0,0,14,9,921,0,0,0,0,0,0,0,0,0,0,0,0,0,0,0,0,0,500,469,0,0,0,0,78,0,0,255,255,100,0,100,0,0,0,0,0,27
0,1,46,1,0,0,0,0,0,0,0,0,0,0,0,0,0,0,0,0,0,0,211,3,0,0,93,96,1,6,0,255,3,1,7,0,0,0,0,100,99,14
0,1,46,5,0,0,0,0,0,0,0,0,0,0,0,0,0,0,0,0,0,0,254,16,93,92,0,0,6,7,0,255,16,6,7,0,0,99,100,0,0,14
0,0,14,9,481,0,0,0,0,0,0,0,0,0,0,0,0,0,0,0,0,0,501,470,0,0,0,0,78,0,0,255,255,100,0,100,0,0,0,0,0,27
0,2,46,9,94,0,0,0,0,0,0,0,0,0,0,0,0,0,0,0,0,0,1,1,0,0,0,0,78,0,0,255,253,99,1,0,0,0,0,0,0,16
0,0,14,9,921,0,0,0,0,0,0,0,0,0,0,0,0,0,0,0,0,0,501,470,0,0,0,0,78,0,0,255,255,100,0,100,0,0,0,0,0,27
0,0,14,9,473,0,0,0,0,0,0,0,0,0,0,0,0,0,0,0,0,0,501,470,0,0,0,0,78,0,0,255,255,100,0,100,0,0,0,0,0,27
0,2,46,9,94,0,0,0,0,0,0,0,0,0,0,0,0,0,0,0,0,0,1,1,0,0,0,0,78,0,0,255,253,99,1,0,0,0,0,0,0,16
0,0,14,9,921,0,0,0,0,0,0,0,0,0,0,0,0,0,0,0,0,0,500,469,0,0,0,0,78,0,0,255,255,100,0,100,0,0,0,0,0,27
0,0,14,9,481,0,0,0,0,0,0,0,0,0,0,0,0,0,0,0,0,0,499,468,0,0,0,0,78,0,0,255,255,100,0,100,0,0,0,0,0,27
0,0,14,9,921,0,0,0,0,0,0,0,0,0,0,0,0,0,0,0,0,0,501,470,0,0,0,0,78,0,0,255,255,100,0,100,0,0,0,0,0,27
0,0,14,9,481,0,0,0,0,0,0,0,0,0,0,0,0,0,0,0,0,0,501,470,0,0,0,0,78,0,0,255,255,100,0,100,0,0,0,0,0,27
0,2,46,9,94,0,0,0,0,0,0,0,0,0,0,0,0,0,0,0,0,0,1,1,0,0,0,0,78,0,0,255,253,99,1,0,0,0,0,0,0,16
0,0,14,9,921,0,0,0,0,0,0,0,0,0,0,0,0,0,0,0,0,0,116,116,0,0,0,0,78,0,0,255,255,100,0,100,0,0,0,0,0,27
0,1,19,9,85,0,0,0,0,0,0,0,0,0,0,0,0,0,0,0,0,0,2,2,0,0,0,0,78,0,0,156,51,13,3,13,4,1,0,0,0,16
0,0,14,9,921,0,0,0,0,0,0,0,0,0,0,0,0,0,0,0,0,0,134,134,0,0,0,0,78,0,0,255,255,100,0,100,0,0,0,0,0,27
0,1,22,9,208,1427,0,0,0,0,0,1,0,0,0,0,0,0,0,0,0,0,7,15,0,0,0,0,78,0,27,255,255,100,0,0,0,0,0,0,0,16
0,0,14,9,481,0,0,0,0,0,0,0,0,0,0,0,0,0,0,0,0,0,501,470,0,0,0,0,78,0,0,255,255,100,0,100,0,0,0,0,0,27
0,0,14,9,481,0,0,0,0,0,0,0,0,0,0,0,0,0,0,0,0,0,501,470,0,0,0,0,78,0,0,255,255,100,0,100,0,0,0,0,0,27
0,0,14,9,921,0,0,0,0,0,0,0,0,0,0,0,0,0,0,0,0,0,501,470,0,0,0,0,78,0,0,255,255,100,0,100,0,0,0,0,0,27
0,0,14,9,473,0,0,0,0,0,0,0,0,0,0,0,0,0,0,0,0,0,501,470,0,0,0,0,78,0,0,255,255,100,0,100,0,0,0,0,0,27
0,0,14,9,921,0,0,0,0,0,0,0,0,0,0,0,0,0,0,0,0,0,159,159,0,0,0,0,78,0,0,255,255,100,0,100,0,0,0,0,0,27
0,0,14,9,481,0,0,0,0,0,0,0,0,0,0,0,0,0,0,0,0,0,501,470,0,0,0,0,78,0,0,255,255,100,0,100,0,0,0,0,0,27
0,0,14,9,921,0,0,0,0,0,0,0,0,0,0,0,0,0,0,0,0,0,139,139,0,0,0,0,78,0,0,255,255,100,0,100,0,0,0,0,0,27
0,1,41,1,0,0,0,0,0,0,0,0,0,0,0,0,0,0,0,0,0,0,454,1,7,0,86,96,0,99,0,255,1,0,100,0,0,13,0,87,99,25
0,1,19,9,2282,0,0,0,0,0,0,0,0,0,0,0,0,0,0,0,0,0,2,2,0,0,0,0,78,0,0,149,49,33,2,33,0,0,0,0,0,16
0,1,22,9,184,659,0,0,0,0,0,1,0,0,0,0,0,0,0,0,0,0,9,11,0,0,0,0,78,0,18,95,255,100,0,1,3,0,0,0,0,16
0,2,46,9,94,127,0,0,0,0,0,0,0,0,0,0,0,0,0,0,0,0,2,2,0,0,0,0,78,0,0,255,254,100,1,0,0,0,0,0,0,28
0,0,14,9,481,0,0,0,0,0,0,0,0,0,0,0,0,0,0,0,0,0,500,469,0,0,0,0,78,0,0,255,255,100,0,100,0,0,0,0,0,27
0,1,41,4,0,0,0,0,0,0,0,0,0,0,0,0,0,0,0,0,0,0,1,1,0,0,93,96,78,0,0,255,1,0,100,100,0,0,0,100,99,20
0,0,14,9,921,0,0,0,0,0,0,0,0,0,0,0,0,0,0,0,0,0,154,154,0,0,0,0,78,0,0,255,255,100,0,100,0,0,0,0,0,27
0,1,22,9,163,8051,0,0,0,0,0,1,0,0,0,0,0,0,0,0,0,0,6,6,0,0,0,0,78,0,0,58,255,100,0,2,1,0,0,0,0,16
0,1,22,9,218,2472,0,0,0,0,0,1,0,0,0,0,0,0,0,0,0,0,8,26,0,0,0,0,78,0,12,35,253,100,0,3,2,0,0,0,0,16
0,1,46,5,0,0,0,0,0,0,0,0,0,0,0,0,0,0,0,0,0,0,145,16,93,92,0,0,11,6,0,255,16,6,6,0,0,99,100,0,0,14
0,0,14,9,921,0,0,0,0,0,0,0,0,0,0,0,0,0,0,0,0,0,501,470,0,0,0,0,78,0,0,255,255,100,0,100,0,0,0,0,0,27
0,1,46,1,0,0,0,0,0,0,0,0,0,0,0,0,0,0,0,0,0,0,101,5,0,0,93,96,5,7,0,255,5,2,5,0,0,0,0,100,99,14
0,0,14,9,921,0,0,0,0,0,0,0,0,0,0,0,0,0,0,0,0,0,161,161,0,0,0,0,78,0,0,255,255,100,0,100,0,0,0,0,0,27
0,1,22,9,2415,5785,0,0,0,2,0,1,1,0,0,0,0,0,0,0,0,0,5,5,0,0,0,0,78,0,0,255,254,100,1,0,0,0,0,7,7,1
64,1,56,9,1720,9162,0,0,0,6,0,1,17,1,0,13,0,0,0,0,0,0,1,1,0,0,0,0,78,0,0,120,28,23,3,1,0,0,0,0,0,2
0,0,14,9,481,0,0,0,0,0,0,0,0,0,0,0,0,0,0,0,0,0,501,470,0,0,0,0,78,0,0,255,255,100,0,100,0,0,0,0,0,27
0,1,50,9,788,301,0,0,0,0,0,1,0,0,0,0,0,0,0,0,0,0,1,1,0,0,0,0,78,0,0,246,133,54,8,0,0,0,0,0,0,16
0,0,14,9,921,0,0,0,0,0,0,0,0,0,0,0,0,0,0,0,0,0,500,469,0,0,0,0,78,0,0,255,255,100,0,100,0,0,0,0,0,27
0,2,46,9,94,0,0,0,0,0,0,0,0,0,0,0,0,0,0,0,0,0,2,1,0,0,0,0,47,99,0,255,253,99,1,1,0,0,0,0,0,16
0,0,14,9,481,0,0,0,0,0,0,0,0,0,0,0,0,0,0,0,0,0,501,470,0,0,0,0,78,0,0,255,255,100,0,100,0,0,0,0,0,27
0,2,46,9,94,87,0,0,0,0,0,0,0,0,0,0,0,0,0,0,0,0,3,3,0,0,0,0,78,0,0,255,254,100,1,0,0,0,0,0,0,16
0,1,46,5,0,0,0,0,0,0,0,0,0,0,0,0,0,0,0,0,0,0,48,6,93,92,0,0,12,15,0,255,6,2,15,0,0,99,100,0,0,14
0,2,46,9,94,126,0,0,0,0,0,0,0,0,0,0,0,0,0,0,0,0,2,2,0,0,0,0,78,0,0,255,254,100,1,0,0,0,0,0,0,28
165,1,18,9,147,569,0,0,0,2,0,1,0,0,0,0,0,0,0,0,0,1,1,1,0,0,0,0,78,0,0,255,35,14,3,0,0,35,0,2,0,33
0,0,14,9,481,0,0,0,0,0,0,0,0,0,0,0,0,0,0,0,0,0,501,470,0,0,0,0,78,0,0,255,255,100,0,100,0,0,0,0,0,27
0,0,14,9,921,0,0,0,0,0,0,0,0,0,0,0,0,0,0,0,0,0,111,111,0,0,0,0,78,0,0,255,255,100,0,100,0,0,0,0,0,27
0,0,14,9,481,0,0,0,0,0,0,0,0,0,0,0,0,0,0,0,0,0,501,470,0,0,0,0,78,0,0,255,255,100,0,100,0,0,0,0,0,27
0,1,46,1,0,0,0,0,0,0,0,0,0,0,0,0,0,0,0,0,0,0,127,10,0,0,93,96,8,6,0,255,10,4,5,0,0,0,0,100,99,14
0,1,46,1,0,0,0,0,0,0,0,0,0,0,0,0,0,0,0,0,0,0,184,1,0,0,93,96,1,7,0,255,1,0,7,0,0,0,0,100,99,14
0,1,46,1,0,0,0,0,0,0,0,0,0,0,0,0,0,0,0,0,0,0,127,16,0,0,93,96,13,6,0,255,16,6,6,0,0,0,0,100,99,14
0,1,22,9,201,8034,0,0,0,0,0,1,0,0,0,0,0,0,0,0,0,0,24,31,0,0,0,0,78,0,10,255,255,100,0,0,0,0,0,0,0,16
0,0,14,9,481,0,0,0,0,0,0,0,0,0,0,0,0,0,0,0,0,0,501,470,0,0,0,0,78,0,0,255,255,100,0,100,0,0,0,0,0,27
0,0,14,9,921,0,0,0,0,0,0,0,0,0,0,0,0,0,0,0,0,0,120,120,0,0,0,0,78,0,0,255,255,100,0,100,0,0,0,0,0,27
0,1,46,1,0,0,0,0,0,0,0,0,0,0,0,0,0,0,0,0,0,0,269,13,0,0,93,96,5,6,0,255,13,5,7,0,0,0,0,100,99,14
0,1,46,1,0,0,0,0,0,0,0,0,0,0,0,0,0,0,0,0,0,0,143,10,0,0,93,96,7,6,0,255,10,4,5,0,0,0,0,100,99,14
0,1,46,1,0,0,0,0,0,0,0,0,0,0,0,0,0,0,0,0,0,0,107,3,0,0,93,96,3,7,0,255,3,1,6,0,0,0,0,100,99,14
0,0,14,9,921,0,0,0,0,0,0,0,0,0,0,0,0,0,0,0,0,0,501,470,0,0,0,0,78,0,0,255,255,100,0,100,0,0,0,0,0,27
0,0,14,9,921,0,0,0,0,0,0,0,0,0,0,0,0,0,0,0,0,0,501,470,0,0,0,0,78,0,0,255,255,100,0,100,0,0,0,0,0,27
0,0,14,9,921,0,0,0,0,0,0,0,0,0,0,0,0,0,0,0,0,0,501,470,0,0,0,0,78,0,0,255,255,100,0,100,0,0,0,0,0,27
0,0,14,9,481,0,0,0,0,0,0,0,0,0,0,0,0,0,0,0,0,0,501,470,0,0,0,0,78,0,0,255,255,100,0,100,0,0,0,0,0,27
0,0,14,9,481,0,0,0,0,0,0,0,0,0,0,0,0,0,0,0,0,0,500,469,0,0,0,0,78,0,0,255,255,100,0,100,0,0,0,0,0,27
0,0,14,9,921,0,0,0,0,0,0,0,0,0,0,0,0,0,0,0,0,0,500,469,0,0,0,0,78,0,0,255,255,100,0,100,0,0,0,0,0,27
226,1,22,4,2444,0,0,0,0,0,0,1,0,0,0,0,0,0,0,0,0,0,14,14,0,0,93,96,78,0,0,243,240,99,1,0,0,0,0,7,8,0
0,0,14,9,921,0,0,0,0,0,0,0,0,0,0,0,0,0,0,0,0,0,499,468,0,0,0,0,78,0,0,255,255,100,0,100,0,0,0,0,0,27
0,0,14,9,921,0,0,0,0,0,0,0,0,0,0,0,0,0,0,0,0,0,163,163,0,0,0,0,78,0,0,255,255,100,0,100,0,0,0,0,0,27
0,0,14,9,921,0,0,0,0,0,0,0,0,0,0,0,0,0,0,0,0,0,501,470,0,0,0,0,78,0,0,255,255,100,0,100,0,0,0,0,0,27
0,0,14,9,921,0,0,0,0,0,0,0,0,0,0,0,0,0,0,0,0,0,501,470,0,0,0,0,78,0,0,255,255,100,0,100,0,0,0,0,0,27
0,1,46,5,0,0,0,0,0,0,0,0,0,0,0,0,0,0,0,0,0,0,132,19,93,92,0,0,14,6,0,255,19,7,6,0,0,99,100,0,0,14
0,0,14,9,921,0,0,0,0,0,0,0,0,0,0,0,0,0,0,0,0,0,499,468,0,0,0,0,78,0,0,255,255,100,0,100,0,0,0,0,0,27
0,1,46,5,0,0,0,0,0,0,0,0,0,0,0,0,0,0,0,0,0,0,133,3,93,92,0,0,2,9,0,255,3,1,9,0,0,99,100,0,0,14
0,1,46,1,0,0,0,0,0,0,0,0,0,0,0,0,0,0,0,0,0,0,130,15,0,0,93,96,12,5,0,255,15,6,5,0,0,0,0,100,99,14
0,0,14,9,921,0,0,0,0,0,0,0,0,0,0,0,0,0,0,0,0,0,131,131,0,0,0,0,78,0,0,255,255,100,0,100,0,0,0,0,0,27
0,0,14,9,481,0,0,0,0,0,0,0,0,0,0,0,0,0,0,0,0,0,501,470,0,0,0,0,78,0,0,255,255,100,0,100,0,0,0,0,0,27
0,0,14,9,921,0,0,0,0,0,0,0,0,0,0,0,0,0,0,0,0,0,501,470,0,0,0,0,78,0,0,255,255,100,0,100,0,0,0,0,0,27
0,0,14,9,481,0,0,0,0,0,0,0,0,0,0,0,0,0,0,0,0,0,501,470,0,0,0,0,78,0,0,255,255,100,0,100,0,0,0,0,0,27
0,0,14,9,921,0,0,0,0,0,0,0,0,0,0,0,0,0,0,0,0,0,137,137,0,0,0,0,78,0,0,255,255,100,0,100,0,0,0,0,0,27
0,2,46,9,94,0,0,0,0,0,0,0,0,0,0,0,0,0,0,0,0,0,1,1,0,0,0,0,78,0,0,255,252,99,1,0,0,0,0,0,0,16
0,0,14,9,921,0,0,0,0,0,0,0,0,0,0,0,0,0,0,0,0,0,500,469,0,0,0,0,78,0,0,255,255,100,0,100,0,0,0,0,0,27
0,0,14,9,481,0,0,0,0,0,0,0,0,0,0,0,0,0,0,0,0,0,501,470,0,0,0,0,78,0,0,255,255,100,0,100,0,0,0,0,0,27
0,1,46,5,0,0,0,0,0,0,0,0,0,0,0,0,0,0,0,0,0,0,148,6,93,92,0,0,4,9,0,255,6,2,9,0,0,99,100,0,0,14
0,1,22,9,284,694,0,0,0,0,0,1,0,0,0,0,0,0,0,0,0,0,9,9,0,0,0,0,78,0,0,9,255,100,0,11,2,0,0,0,0,16
0,1,46,1,0,0,0,0,0,0,0,0,0,0,0,0,0,0,0,0,0,0,118,13,0,0,93,96,11,6,0,255,13,5,5,0,0,0,0,100,99,14
0,0,14,9,481,0,0,0,0,0,0,0,0,0,0,0,0,0,0,0,0,0,501,470,0,0,0,0,78,0,0,255,255,100,0,100,0,0,0,0,0,27
0,0,14,9,473,0,0,0,0,0,0,0,0,0,0,0,0,0,0,0,0,0,501,470,0,0,0,0,78,0,0,255,255,100,0,100,0,0,0,0,0,27
0,0,14,9,921,0,0,0,0,0,0,0,0,0,0,0,0,0,0,0,0,0,501,470,0,0,0,0,78,0,0,255,255,100,0,100,0,0,0,0,0,27
0,0,14,9,921,0,0,0,0,0,0,0,0,0,0,0,0,0,0,0,0,0,500,469,0,0,0,0,78,0,0,255,255,100,0,100,0,0,0,0,0,27
0,1,19,9,159,0,0,0,0,0,0,0,0,0,0,0,0,0,0,0,0,0,1,1,0,0,0,0,78,0,0,113,36,24,4,24,6,0,3,0,0,16
0,1,22,9,315,338,0,0,0,0,0,1,0,0,0,0,0,0,0,0,0,0,3,3,0,0,0,0,78,0,0,34,255,100,0,3,3,0,0,0,0,16
0,0,14,9,921,0,0,0,0,0,0,0,0,0,0,0,0,0,0,0,0,0,143,143,0,0,0,0,78,0,0,255,255,100,0,100,0,0,0,0,0,27
0,1,22,9,233,1098,0,0,0,0,0,1,0,0,0,0,0,0,0,0,0,0,19,22,0,0,0,0,78,0,14,255,255,100,0,1,0,0,0,0,0,16
0,0,14,9,481,0,0,0,0,0,0,0,0,0,0,0,0,0,0,0,0,0,499,468,0,0,0,0,78,0,0,255,255,100,0,100,0,0,0,0,0,27
0,0,14,9,921,0,0,0,0,0,0,0,0,0,0,0,0,0,0,0,0,0,170,170,0,0,0,0,78,0,0,255,255,100,0,100,0,0,0,0,0,27
0,0,14,9,481,0,0,0,0,0,0,0,0,0,0,0,0,0,0,0,0,0,501,470,0,0,0,0,78,0,0,255,255,100,0,100,0,0,0,0,0,27
0,0,14,9,921,0,0,0,0,0,0,0,0,0,0,0,0,0,0,0,0,0,501,470,0,0,0,0,78,0,0,255,255,100,0,100,0,0,0,0,0,27
0,0,14,9,921,0,0,0,0,0,0,0,0,0,0,0,0,0,0,0,0,0,501,470,0,0,0,0,78,0,0,255,255,100,0,100,0,0,0,0,0,27
0,0,14,9,921,0,0,0,0,0,0,0,0,0,0,0,0,0,0,0,0,0,500,469,0,0,0,0,78,0,0,255,255,100,0,100,0,0,0,0,0,27
0,1,46,1,0,0,0,0,0,0,0,0,0,0,0,0,0,0,0,0,0,0,134,8,0,0,93,96,6,6,0,255,8,3,6,0,0,0,0,100,99,14
0,0,14,9,473,0,0,0,0,0,0,0,0,0,0,0,0,0,0,0,0,0,501,470,0,0,0,0,78,0,0,255,255,100,0,100,0,0,0,0,0,27
0,1,22,9,191,3283,0,0,0,0,0,1,0,0,0,0,0,0,0,0,0,0,14,15,0,0,0,0,78,0,13,255,255,100,0,0,0,0,0,0,0,16
0,0,14,9,481,0,0,0,0,0,0,0,0,0,0,0,0,0,0,0,0,0,501,470,0,0,0,0,78,0,0,255,255,100,0,100,0,0,0,0,0,27
0,1,22,9,296,3017,0,0,0,0,0,1,0,0,0,0,0,0,0,0,0,0,1,1,0,0,0,0,78,0,0,255,235,92,2,0,0,0,0,0,0,16
0,0,14,9,481,0,0,0,0,0,0,0,0,0,0,0,0,0,0,0,0,0,501,470,0,0,0,0,78,0,0,255,255,100,0,100,0,0,0,0,0,27
0,0,14,9,481,0,0,0,0,0,0,0,0,0,0,0,0,0,0,0,0,0,501,470,0,0,0,0,78,0,0,255,255,100,0,100,0,0,0,0,0,27
0,1,22,9,327,1727,0,0,0,0,0,1,0,0,0,0,0,0,0,0,0,0,8,8,0,0,0,0,78,0,0,78,255,100,0,1,1,0,0,0,0,16
0,1,46,5,0,0,0,0,0,0,0,0,0,0,0,0,0,0,0,0,0,0,122,4,93,92,0,0,3,7,0,255,4,2,6,0,0,99,100,0,0,14
0,0,14,9,473,0,0,0,0,0,0,0,0,0,0,0,0,0,0,0,0,0,501,470,0,0,0,0,78,0,0,255,255,100,0,100,0,0,0,0,0,27
0,2,46,9,94,127,0,0,0,0,0,0,0,0,0,0,0,0,0,0,0,0,2,2,0,0,0,0,78,0,0,255,254,100,1,0,0,0,0,0,0,16
0,0,14,9,481,0,0,0,0,0,0,0,0,0,0,0,0,0,0,0,0,0,501,470,0,0,0,0,78,0,0,255,255,100,0,100,0,0,0,0,0,27
0,0,14,9,921,0,0,0,0,0,0,0,0,0,0,0,0,0,0,0,0,0,500,469,0,0,0,0,78,0,0,255,255,100,0,100,0,0,0,0,0,27
0,0,14,9,481,0,0,0,0,0,0,0,0,0,0,0,0,0,0,0,0,0,501,470,0,0,0,0,78,0,0,255,255,100,0,100,0,0,0,0,0,27
0,0,14,9,481,0,0,0,0,0,0,0,0,0,0,0,0,0,0,0,0,0,500,469,0,0,0,0,78,0,0,255,255,100,0,100,0,0,0,0,0,27
0,0,14,9,921,0,0,0,0,0,0,0,0,0,0,0,0,0,0,0,0,0,501,470,0,0,0,0,78,0,0,255,255,100,0,100,0,0,0,0,0,27
0,0,14,9,921,0,0,0,0,0,0,0,0,0,0,0,0,0,0,0,0,0,146,146,0,0,0,0,78,0,0,255,255,100,0,100,0,0,0,0,0,27
0,0,14,9,481,0,0,0,0,0,0,0,0,0,0,0,0,0,0,0,0,0,501,470,0,0,0,0,78,0,0,255,255,100,0,100,0,0,0,0,0,27
0,0,14,9,921,0,0,0,0,0,0,0,0,0,0,0,0,0,0,0,0,0,134,134,0,0,0,0,78,0,0,255,255,100,0,100,0,0,0,0,0,27
0,0,14,9,481,0,0,0,0,0,0,0,0,0,0,0,0,0,0,0,0,0,501,470,0,0,0,0,78,0,0,255,255,100,0,100,0,0,0,0,0,27
0,0,14,9,921,0,0,0,0,0,0,0,0,0,0,0,0,0,0,0,0,0,154,154,0,0,0,0,78,0,0,255,255,100,0,100,0,0,0,0,0,27
0,0,14,9,481,0,0,0,0,0,0,0,0,0,0,0,0,0,0,0,0,0,501,470,0,0,0,0,78,0,0,255,255,100,0,100,0,0,0,0,0,27
0,1,46,1,0,0,0,0,0,0,0,0,0,0,0,0,0,0,0,0,0,0,498,1,0,0,92,96,0,96,0,255,1,0,95,0,0,0,0,100,99,25
0,0,14,9,921,0,0,0,0,0,0,0,0,0,0,0,0,0,0,0,0,0,501,470,0,0,0,0,78,0,0,255,255,100,0,100,0,0,0,0,0,27
0,2,46,9,43,0,0,0,0,0,0,0,0,0,0,0,0,0,0,0,0,0,2,2,0,0,0,0,78,0,0,255,255,100,0,0,0,0,0,0,0,29
0,1,22,9,193,5937,0,0,0,0,0,1,0,0,0,0,0,0,0,0,0,0,14,15,0,0,0,0,78,0,13,14,255,100,0,7,6,0,0,0,0,16
0,0,14,9,473,0,0,0,0,0,0,0,0,0,0,0,0,0,0,0,0,0,501,470,0,0,0,0,78,0,0,255,255,100,0,100,0,0,0,0,0,27
0,0,14,9,473,0,0,0,0,0,0,0,0,0,0,0,0,0,0,0,0,0,501,470,0,0,0,0,78,0,0,255,255,100,0,100,0,0,0,0,0,27
0,1,46,1,0,0,0,0,0,0,0,0,0,0,0,0,0,0,0,0,0,0,212,6,0,0,93,96,3,7,0,255,6,2,7,0,0,0,0,100,99,14
0,0,14,9,921,0,0,0,0,0,0,0,0,0,0,0,0,0,0,0,0,0,501,470,0,0,0,0,78,0,0,255,255,100,0,100,0,0,0,0,0,27
0,0,14,9,473,0,0,0,0,0,0,0,0,0,0,0,0,0,0,0,0,0,501,470,0,0,0,0,78,0,0,255,255,100,0,100,0,0,0,0,0,27
0,1,22,9,280,1366,0,0,0,0,0,1,0,0,0,0,0,0,0,0,0,0,13,29,0,0,0,0,78,0,10,255,255,100,0,0,0,0,0,0,0,16
0,0,14,9,921,0,0,0,0,0,0,0,0,0,0,0,0,0,0,0,0,0,500,469,0,0,0,0,78,0,0,255,255,100,0,100,0,0,0,0,0,27
0,0,14,9,921,0,0,0,0,0,0,0,0,0,0,0,0,0,0,0,0,0,501,470,0,0,0,0,78,0,0,255,255,100,0,100,0,0,0,0,0,27
0,1,22,9,212,700,0,0,0,0,0,1,0,0,0,0,0,0,0,0,0,0,4,4,0,0,0,0,78,0,0,4,4,100,0,25,0,0,0,0,0,16
0,0,14,9,481,0,0,0,0,0,0,0,0,0,0,0,0,0,0,0,0,0,498,467,0,0,0,0,78,0,0,255,255,100,0,100,0,0,0,0,0,27
0,1,46,5,0,0,0,0,0,0,0,0,0,0,0,0,0,0,0,0,0,0,103,3,93,92,0,0,3,7,0,255,3,1,6,0,0,99,100,0,0,14
0,1,12,2,0,0,0,0,0,0,0,0,0,0,0,0,0,0,0,0,0,0,241,5,0,0,93,96,2,7,0,255,5,2,7,0,0,0,0,100,99,14
0,1,22,9,306,541,0,0,0,0,0,1,0,0,0,0,0,0,0,0,0,0,2,3,0,0,0,0,78,0,60,101,255,100,0,1,3,0,0,0,0,16
0,0,14,9,921,0,0,0,0,0,0,0,0,0,0,0,0,0,0,0,0,0,501,470,0,0,0,0,78,0,0,255,255,100,0,100,0,0,0,0,0,27
0,1,22,9,212,709,0,0,0,0,0,1,0,0,0,0,0,0,0,0,0,0,3,6,0,0,0,0,78,0,33,176,255,100,0,1,4,0,0,0,0,16
0,2,11,9,43,34,0,0,0,0,0,0,0,0,0,0,0,0,0,0,0,0,8,43,0,0,0,0,78,0,5,255,255,100,0,1,0,0,0,0,0,16
0,0,13,9,18,0,0,0,0,0,0,0,0,0,0,0,0,0,0,0,0,0,1,59,0,0,0,0,78,0,86,1,255,100,0,100,25,0,0,0,0,24
0,1,22,9,301,1399,0,0,0,0,0,1,0,0,0,0,0,0,0,0,0,0,14,14,0,0,0,0,78,0,0,179,255,100,0,1,2,0,0,0,0,16
0,2,46,9,41,0,0,0,0,0,0,0,0,0,0,0,0,0,0,0,0,0,3,3,0,0,0,0,78,0,0,255,255,100,0,1,0,0,0,0,0,29
0,1,46,1,0,0,0,0,0,0,0,0,0,0,0,0,0,0,0,0,0,0,246,3,0,0,93,96,1,7,0,255,3,1,7,0,0,0,0,100,99,14
0,0,14,9,921,0,0,0,0,0,0,0,0,0,0,0,0,0,0,0,0,0,501,470,0,0,0,0,78,0,0,255,255,100,0,100,0,0,0,0,0,27
1,1,50,9,1759,268,0,0,0,0,0,1,0,0,0,0,0,0,0,0,0,0,3,3,0,0,0,0,78,0,0,255,246,96,4,0,0,0,0,4,0,10
0,0,14,9,921,0,0,0,0,0,0,0,0,0,0,0,0,0,0,0,0,0,116,116,0,0,0,0,78,0,0,255,255,100,0,100,0,0,0,0,0,27
0,0,14,9,921,0,0,0,0,0,0,0,0,0,0,0,0,0,0,0,0,0,142,142,0,0,0,0,78,0,0,255,255,100,0,100,0,0,0,0,0,27
0,1,46,5,0,0,0,0,0,0,0,0,0,0,0,0,0,0,0,0,0,0,132,2,93,92,0,0,2,9,0,255,2,1,8,0,0,99,100,0,0,14
1,1,50,9,1759,268,0,0,0,0,0,1,0,0,0,0,0,0,0,0,0,0,3,3,0,0,0,0,78,0,0,255,246,96,4,0,0,0,0,3,0,10
0,0,14,9,921,0,0,0,0,0,0,0,0,0,0,0,0,0,0,0,0,0,501,470,0,0,0,0,78,0,0,255,255,100,0,100,0,0,0,0,0,27
0,0,14,9,481,0,0,0,0,0,0,0,0,0,0,0,0,0,0,0,0,0,501,470,0,0,0,0,78,0,0,255,255,100,0,100,0,0,0,0,0,27
0,1,22,9,189,4625,0,0,0,0,0,1,0,0,0,0,0,0,0,0,0,0,4,4,0,0,0,0,78,0,0,58,255,100,0,2,3,0,0,0,0,16
0,2,46,9,94,126,0,0,0,0,0,0,0,0,0,0,0,0,0,0,0,0,2,2,0,0,0,0,78,0,0,255,254,100,1,0,0,0,0,0,0,28
0,0,14,9,481,0,0,0,0,0,0,0,0,0,0,0,0,0,0,0,0,0,500,469,0,0,0,0,78,0,0,255,255,100,0,100,0,0,0,0,0,27
0,2,46,9,94,126,0,0,0,0,0,0,0,0,0,0,0,0,0,0,0,0,2,2,0,0,0,0,78,0,0,255,253,99,1,0,0,0,0,0,0,28
0,0,14,9,921,0,0,0,0,0,0,0,0,0,0,0,0,0,0,0,0,0,501,470,0,0,0,0,78,0,0,255,255,100,0,100,0,0,0,0,0,27
0,0,14,9,481,0,0,0,0,0,0,0,0,0,0,0,0,0,0,0,0,0,501,470,0,0,0,0,78,0,0,255,255,100,0,100,0,0,0,0,0,27
0,0,14,9,921,0,0,0,0,0,0,0,0,0,0,0,0,0,0,0,0,0,500,469,0,0,0,0,78,0,0,255,255,100,0,100,0,0,0,0,0,27
0,0,14,9,481,0,0,0,0,0,0,0,0,0,0,0,0,0,0,0,0,0,501,470,0,0,0,0,78,0,0,255,255,100,0,100,0,0,0,0,0,27
0,1,22,9,300,1999,0,0,0,0,0,1,0,0,0,0,0,0,0,0,0,0,13,13,0,0,0,0,78,0,0,255,255,100,0,0,0,0,0,0,0,16
0,1,46,1,0,0,0,0,0,0,0,0,0,0,0,0,0,0,0,0,0,0,206,4,0,0,93,96,2,7,0,255,4,2,7,0,0,0,0,100,99,14
0,0,14,9,921,0,0,0,0,0,0,0,0,0,0,0,0,0,0,0,0,0,501,470,0,0,0,0,78,0,0,255,255,100,0,100,0,0,0,0,0,27
0,1,22,9,321,9034,0,0,0,0,0,1,0,0,0,0,0,0,0,0,0,0,1,1,0,0,0,0,78,0,0,90,255,100,0,1,2,0,0,0,0,16
0,1,46,1,0,0,0,0,0,0,0,0,0,0,0,0,0,0,0,0,0,0,255,11,0,0,93,96,4,7,0,255,11,4,7,0,0,0,0,100,99,14
0,2,46,9,94,0,0,0,0,0,0,0,0,0,0,0,0,0,0,0,0,0,1,1,0,0,0,0,78,0,0,255,252,99,1,0,0,0,0,0,0,16
0,0,14,9,921,0,0,0,0,0,0,0,0,0,0,0,0,0,0,0,0,0,501,470,0,0,0,0,78,0,0,255,255,100,0,100,0,0,0,0,0,27
0,0,14,9,921,0,0,0,0,0,0,0,0,0,0,0,0,0,0,0,0,0,146,146,0,0,0,0,78,0,0,255,255,100,0,100,0,0,0,0,0,27
0,1,46,1,0,0,0,0,0,0,0,0,0,0,0,0,0,0,0,0,0,0,132,18,0,0,93,96,14,5,0,255,18,7,6,0,0,0,0,100,99,14
0,1,22,9,296,577,0,0,0,0,0,1,0,0,0,0,0,0,0,0,0,0,20,20,0,0,0,0,78,0,0,152,255,100,0,1,2,0,0,0,0,16
0,1,22,9,185,701,0,0,0,0,0,1,0,0,0,0,0,0,0,0,0,0,1,1,0,0,0,0,78,0,0,19,247,100,0,5,6,0,0,0,0,16
0,0,14,9,921,0,0,0,0,0,0,0,0,0,0,0,0,0,0,0,0,0,501,470,0,0,0,0,78,0,0,255,255,100,0,100,0,0,0,0,0,27
0,0,14,9,481,0,0,0,0,0,0,0,0,0,0,0,0,0,0,0,0,0,501,470,0,0,0,0,78,0,0,255,255,100,0,100,0,0,0,0,0,27
0,0,14,9,921,0,0,0,0,0,0,0,0,0,0,0,0,0,0,0,0,0,500,469,0,0,0,0,78,0,0,255,255,100,0,100,0,0,0,0,0,27
0,0,14,9,921,0,0,0,0,0,0,0,0,0,0,0,0,0,0,0,0,0,124,124,0,0,0,0,78,0,0,255,255,100,0,100,0,0,0,0,0,27
0,0,14,9,921,0,0,0,0,0,0,0,0,0,0,0,0,0,0,0,0,0,92,92,0,0,0,0,78,0,0,255,255,100,0,100,0,0,0,0,0,27
0,0,14,9,921,0,0,0,0,0,0,0,0,0,0,0,0,0,0,0,0,0,501,470,0,0,0,0,78,0,0,255,255,100,0,100,0,0,0,0,0,27
0,1,22,9,364,4383,0,0,0,0,0,1,0,0,0,0,0,0,0,0,0,0,7,7,0,0,0,0,78,0,0,255,255,100,0,0,0,0,0,0,0,16
0,1,22,9,216,2180,0,0,0,0,0,1,0,0,0,0,0,0,0,0,0,0,11,13,0,0,0,0,78,0,23,32,255,100,0,3,3,0,0,0,0,16
0,0,14,9,481,0,0,0,0,0,0,0,0,0,0,0,0,0,0,0,0,0,501,470,0,0,0,0,78,0,0,255,255,100,0,100,0,0,0,0,0,27
0,1,22,9,240,1522,0,0,0,0,0,1,0,0,0,0,0,0,0,0,0,0,4,4,0,0,0,0,78,0,0,35,179,100,0,3,4,0,0,0,0,16
0,1,22,9,325,2397,0,0,0,0,0,1,0,0,0,0,0,0,0,0,0,0,14,14,0,0,0,0,78,0,0,255,255,100,0,0,0,0,0,0,0,16
0,1,22,9,305,1056,0,0,0,0,0,1,0,0,0,0,0,0,0,0,0,0,11,11,0,0,0,0,78,0,0,27,255,100,0,4,2,0,0,0,0,16
0,0,14,9,921,0,0,0,0,0,0,0,0,0,0,0,0,0,0,0,0,0,148,148,0,0,0,0,78,0,0,255,255,100,0,100,0,0,0,0,0,27
0,1,46,5,0,0,0,0,0,0,0,0,0,0,0,0,0,0,0,0,0,0,142,12,93,92,0,0,8,6,0,255,12,5,7,0,0,99,100,0,0,14
0,1,46,1,0,0,0,0,0,0,0,0,0,0,0,0,0,0,0,0,0,0,108,6,0,0,93,96,6,7,0,255,6,2,6,0,0,0,0,100,99,14
0,1,46,1,0,0,0,0,0,0,0,0,0,0,0,0,0,0,0,0,0,0,101,1,0,0,93,96,1,7,0,255,1,0,7,0,0,0,0,100,99,14
0,0,14,9,921,0,0,0,0,0,0,0,0,0,0,0,0,0,0,0,0,0,501,470,0,0,0,0,78,0,0,255,255,100,0,100,0,0,0,0,0,27
0,1,22,9,224,1525,0,0,0,0,0,1,0,0,0,0,0,0,0,0,0,0,8,8,0,0,0,0,78,0,0,84,255,100,0,2,2,0,0,0,0,16
0,1,46,5,0,0,0,0,0,0,0,0,0,0,0,0,0,0,0,0,0,0,220,6,93,92,0,0,3,7,0,255,6,2,8,0,0,99,100,0,0,14
0,0,14,9,481,0,0,0,0,0,0,0,0,0,0,0,0,0,0,0,0,0,501,470,0,0,0,0,78,0,0,255,255,100,0,100,0,0,0,0,0,27
0,0,14,9,921,0,0,0,0,0,0,0,0,0,0,0,0,0,0,0,0,0,501,470,0,0,0,0,78,0,0,255,255,100,0,100,0,0,0,0,0,27
0,0,14,9,481,0,0,0,0,0,0,0,0,0,0,0,0,0,0,0,0,0,501,470,0,0,0,0,78,0,0,255,255,100,0,100,0,0,0,0,0,27
0,0,14,9,473,0,0,0,0,0,0,0,0,0,0,0,0,0,0,0,0,0,501,470,0,0,0,0,78,0,0,255,255,100,0,100,0,0,0,0,0,27
0,0,14,9,481,0,0,0,0,0,0,0,0,0,0,0,0,0,0,0,0,0,501,470,0,0,0,0,78,0,0,255,255,100,0,100,0,0,0,0,0,27
0,0,14,9,921,0,0,0,0,0,0,0,0,0,0,0,0,0,0,0,0,0,501,470,0,0,0,0,78,0,0,255,255,100,0,100,0,0,0,0,0,27
0,2,11,9,40,31,0,0,0,0,0,0,0,0,0,0,0,0,0,0,0,0,4,5,0,0,0,0,78,0,39,255,255,100,0,1,0,0,0,0,0,16
0,1,46,1,0,0,0,0,0,0,0,0,0,0,0,0,0,0,0,0,0,0,134,13,0,0,93,96,10,6,0,255,13,5,6,0,0,0,0,100,99,14
0,0,14,9,921,0,0,0,0,0,0,0,0,0,0,0,0,0,0,0,0,0,118,118,0,0,0,0,78,0,0,255,255,100,0,100,0,0,0,0,0,27
0,0,14,9,921,0,0,0,0,0,0,0,0,0,0,0,0,0,0,0,0,0,501,470,0,0,0,0,78,0,0,255,255,100,0,100,0,0,0,0,0,27
0,0,14,9,921,0,0,0,0,0,0,0,0,0,0,0,0,0,0,0,0,0,501,470,0,0,0,0,78,0,0,255,255,100,0,100,0,0,0,0,0,27
0,0,14,9,921,0,0,0,0,0,0,0,0,0,0,0,0,0,0,0,0,0,142,142,0,0,0,0,78,0,0,255,255,100,0,100,0,0,0,0,0,27
0,0,14,9,481,0,0,0,0,0,0,0,0,0,0,0,0,0,0,0,0,0,501,470,0,0,0,0,78,0,0,255,255,100,0,100,0,0,0,0,0,27
0,1,22,9,182,1194,0,0,0,0,0,1,0,0,0,0,0,0,0,0,0,0,1,1,0,0,0,0,78,0,0,154,154,100,0,1,0,0,0,0,0,16
0,0,14,9,921,0,0,0,0,0,0,0,0,0,0,0,0,0,0,0,0,0,501,470,0,0,0,0,78,0,0,255,255,100,0,100,0,0,0,0,0,27
0,1,10,5,0,0,0,0,0,0,0,0,0,0,0,0,0,0,0,0,0,0,268,19,93,92,0,0,7,6,0,255,19,7,6,0,0,99,100,0,0,14
0,0,14,9,921,0,0,0,0,0,0,0,0,0,0,0,0,0,0,0,0,0,125,125,0,0,0,0,78,0,0,255,255,100,0,100,0,0,0,0,0,27
0,1,22,9,210,594,0,0,0,0,0,1,0,0,0,0,0,0,0,0,0,0,6,7,0,0,0,0,78,0,29,6,255,100,0,17,5,0,0,0,0,16
0,1,17,9,7,121,0,0,0,0,0,0,0,0,0,0,0,0,0,0,0,0,1,1,0,0,0,0,78,0,0,255,20,8,2,0,0,0,0,1,0,16
0,0,14,9,481,0,0,0,0,0,0,0,0,0,0,0,0,0,0,0,0,0,499,468,0,0,0,0,78,0,0,255,255,100,0,100,0,0,0,0,0,27
0,0,14,9,921,0,0,0,0,0,0,0,0,0,0,0,0,0,0,0,0,0,501,470,0,0,0,0,78,0,0,255,255,100,0,100,0,0,0,0,0,27
0,0,14,9,481,0,0,0,0,0,0,0,0,0,0,0,0,0,0,0,0,0,499,468,0,0,0,0,78,0,0,255,255,100,0,100,0,0,0,0,0,27
0,0,14,9,921,0,0,0,0,0,0,0,0,0,0,0,0,0,0,0,0,0,501,470,0,0,0,0,78,0,0,255,255,100,0,100,0,0,0,0,0,27
0,1,22,9,144,2549,0,0,0,0,0,1,0,0,0,0,0,0,0,0,0,0,3,40,0,0,0,0,78,0,5,9,255,100,0,11,5,0,0,0,0,16
164,1,19,9,2493,0,0,0,0,0,0,0,0,0,0,0,0,0,0,0,0,0,1,1,0,0,0,0,78,0,0,5,5,100,0,100,0,0,0,0,0,33
0,0,14,9,481,0,0,0,0,0,0,0,0,0,0,0,0,0,0,0,0,0,501,470,0,0,0,0,78,0,0,255,255,100,0,100,0,0,0,0,0,27
0,1,22,9,186,1962,0,0,0,0,0,1,0,0,0,0,0,0,0,0,0,0,3,5,0,0,0,0,78,0,39,15,71,100,0,7,8,0,0,0,0,16
0,1,41,1,0,0,0,0,0,0,0,0,0,0,0,0,0,0,0,0,0,0,498,1,4,0,89,96,0,99,0,255,1,0,100,0,0,3,0,97,99,25
0,1,46,1,0,0,0,0,0,0,0,0,0,0,0,0,0,0,0,0,0,0,110,10,0,0,93,96,9,6,0,255,10,4,5,0,0,0,0,100,99,14
0,2,11,9,43,56,0,0,0,0,0,0,0,0,0,0,0,0,0,0,0,0,212,212,0,0,0,0,78,0,0,255,255,100,0,1,0,0,0,0,0,16
0,1,46,5,0,0,0,0,0,0,0,0,0,0,0,0,0,0,0,0,0,0,153,2,93,92,0,0,1,7,0,255,2,1,6,0,0,99,100,0,0,14
0,0,14,9,921,0,0,0,0,0,0,0,0,0,0,0,0,0,0,0,0,0,124,124,0,0,0,0,78,0,0,255,255,100,0,100,0,0,0,0,0,27
0,0,14,9,921,0,0,0,0,0,0,0,0,0,0,0,0,0,0,0,0,0,501,470,0,0,0,0,78,0,0,255,255,100,0,100,0,0,0,0,0,27
0,0,14,9,481,0,0,0,0,0,0,0,0,0,0,0,0,0,0,0,0,0,501,470,0,0,0,0,78,0,0,255,255,100,0,100,0,0,0,0,0,27
0,1,22,9,269,2727,0,0,0,0,0,1,0,0,0,0,0,0,0,0,0,0,7,15,0,0,0,0,78,0,27,31,255,100,0,3,1,3,0,0,0,16
0,2,46,9,94,0,0,0,0,0,0,0,0,0,0,0,0,0,0,0,0,0,1,1,0,0,0,0,78,0,0,255,252,99,1,0,0,0,0,0,0,16
0,0,14,9,481,0,0,0,0,0,0,0,0,0,0,0,0,0,0,0,0,0,501,470,0,0,0,0,78,0,0,255,255,100,0,100,0,0,0,0,0,27
0,0,14,9,473,0,0,0,0,0,0,0,0,0,0,0,0,0,0,0,0,0,501,470,0,0,0,0,78,0,0,255,255,100,0,100,0,0,0,0,0,27
0,1,46,1,0,0,0,0,0,0,0,0,0,0,0,0,0,0,0,0,0,0,147,20,0,0,93,96,14,5,0,255,20,8,6,0,0,0,0,100,99,14
0,2,11,9,43,96,0,0,0,0,0,0,0,0,0,0,0,0,0,0,0,0,1,2,0,0,0,0,78,0,86,255,250,98,1,0,0,0,0,0,0,16
0,0,14,9,921,0,0,0,0,0,0,0,0,0,0,0,0,0,0,0,0,0,498,467,0,0,0,0,78,0,0,255,255,100,0,100,0,0,0,0,0,27
0,0,14,9,921,0,0,0,0,0,0,0,0,0,0,0,0,0,0,0,0,0,501,470,0,0,0,0,78,0,0,255,255,100,0,100,0,0,0,0,0,27
0,1,46,1,0,0,0,0,0,0,0,0,0,0,0,0,0,0,0,0,0,0,106,3,0,0,93,96,3,7,0,255,3,1,6,0,0,0,0,100,99,14
0,2,46,9,94,126,0,0,0,0,0,0,0,0,0,0,0,0,0,0,0,0,2,2,0,0,0,0,78,0,0,255,254,100,1,0,0,0,0,0,0,16
1,1,50,9,1759,268,0,0,0,0,0,1,0,0,0,0,0,0,0,0,0,0,4,3,0,0,18,0,60,49,0,255,247,97,4,0,0,0,0,3,0,10
0,1,22,9,289,1324,0,0,0,0,0,1,0,0,0,0,0,0,0,0,0,0,8,8,0,0,0,0,78,0,0,25,255,100,0,4,6,0,0,0,0,16
4,1,56,2,110,156,0,0,0,0,1,0,0,0,0,0,0,0,0,0,0,0,1,1,0,0,93,96,78,0,0,22,6,27,14,5,0,0,0,9,33,4
0,0,14,9,921,0,0,0,0,0,0,0,0,0,0,0,0,0,0,0,0,0,501,470,0,0,0,0,78,0,0,255,255,100,0,100,0,0,0,0,0,27
0,0,14,9,921,0,0,0,0,0,0,0,0,0,0,0,0,0,0,0,0,0,501,470,0,0,0,0,78,0,0,255,255,100,0,100,0,0,0,0,0,27
0,0,14,9,481,0,0,0,0,0,0,0,0,0,0,0,0,0,0,0,0,0,501,470,0,0,0,0,78,0,0,255,255,100,0,100,0,0,0,0,0,27
0,0,14,9,481,0,0,0,0,0,0,0,0,0,0,0,0,0,0,0,0,0,501,470,0,0,0,0,78,0,0,255,255,100,0,100,0,0,0,0,0,27
0,2,46,9,94,0,0,0,0,0,0,0,0,0,0,0,0,0,0,0,0,0,1,1,0,0,0,0,78,0,0,255,253,99,1,0,0,0,0,0,0,16
0,1,46,1,0,0,0,0,0,0,0,0,0,0,0,0,0,0,0,0,0,0,217,17,0,0,93,96,8,6,0,255,17,7,6,0,0,0,0,100,99,14
0,1,46,1,0,0,0,0,0,0,0,0,0,0,0,0,0,0,0,0,0,0,250,3,0,0,93,96,1,6,0,255,3,1,7,0,0,0,0,100,99,14
0,0,14,9,481,0,0,0,0,0,0,0,0,0,0,0,0,0,0,0,0,0,501,470,0,0,0,0,78,0,0,255,255,100,0,100,0,0,0,0,0,27
0,1,46,1,0,0,0,0,0,0,0,0,0,0,0,0,0,0,0,0,0,0,199,14,0,0,93,96,7,7,0,255,14,5,7,0,0,0,0,100,99,14
0,1,22,9,295,5063,0,0,0,0,0,1,0,0,0,0,0,0,0,0,0,0,21,21,0,0,0,0,78,0,0,21,255,100,0,5,2,0,0,0,0,16
0,1,22,9,176,283,0,0,0,0,0,1,0,0,0,0,0,0,0,0,0,0,14,26,0,0,0,0,78,0,19,255,255,100,0,0,0,0,0,0,0,16
0,2,11,9,44,105,0,0,0,0,0,0,0,0,0,0,0,0,0,0,0,0,123,203,0,0,0,0,78,0,1,255,255,100,0,0,0,0,0,0,0,16
0,1,41,1,0,0,0,0,0,0,0,0,0,0,0,0,0,0,0,0,0,0,391,1,16,0,77,96,0,99,0,255,1,0,93,0,0,15,0,85,99,25
0,1,56,1,0,0,0,0,0,0,0,0,0,0,0,0,0,0,0,0,0,0,3,32,0,12,93,78,33,99,83,10,87,30,50,10,3,0,0,60,66,11
0,2,46,9,94,126,0,0,0,0,0,0,0,0,0,0,0,0,0,0,0,0,2,2,0,0,0,0,78,0,0,255,254,100,1,0,0,0,0,0,0,16
0,1,46,1,0,0,0,0,0,0,0,0,0,0,0,0,0,0,0,0,0,0,136,14,0,0,93,96,10,6,0,255,14,5,6,0,0,0,0,100,99,14
0,0,14,9,481,0,0,0,0,0,0,0,0,0,0,0,0,0,0,0,0,0,501,470,0,0,0,0,78,0,0,255,255,100,0,100,0,0,0,0,0,27
0,1,2,5,0,0,0,0,0,0,0,0,0,0,0,0,0,0,0,0,0,0,244,17,93,92,0,0,7,6,0,255,17,7,7,0,0,99,100,0,0,14
0,1,22,9,193,229,0,0,0,0,0,1,0,0,0,0,0,0,0,0,0,0,8,8,0,0,0,0,78,0,0,8,253,100,0,12,3,0,0,0,0,16
0,1,46,1,0,0,0,0,0,0,0,0,0,0,0,0,0,0,0,0,0,0,206,20,0,0,93,96,10,7,0,255,20,8,8,0,0,0,0,100,99,14
0,1,46,1,0,0,0,0,0,0,0,0,0,0,0,0,0,0,0,0,0,0,272,9,0,0,93,96,3,6,0,255,9,4,6,0,0,0,0,100,99,14
0,0,14,9,481,0,0,0,0,0,0,0,0,0,0,0,0,0,0,0,0,0,501,470,0,0,0,0,78,0,0,255,255,100,0,100,0,0,0,0,0,27
0,1,22,9,287,1166,0,0,0,0,0,1,0,0,0,0,0,0,0,0,0,0,1,1,0,0,0,0,78,0,0,133,255,100,0,1,4,0,0,0,0,16
0,0,14,9,921,0,0,0,0,0,0,0,0,0,0,0,0,0,0,0,0,0,500,469,0,0,0,0,78,0,0,255,255,100,0,100,0,0,0,0,0,27
0,0,14,9,481,0,0,0,0,0,0,0,0,0,0,0,0,0,0,0,0,0,501,470,0,0,0,0,78,0,0,255,255,100,0,100,0,0,0,0,0,27
0,0,14,9,921,0,0,0,0,0,0,0,0,0,0,0,0,0,0,0,0,0,134,134,0,0,0,0,78,0,0,255,255,100,0,100,0,0,0,0,0,27
0,0,14,9,481,0,0,0,0,0,0,0,0,0,0,0,0,0,0,0,0,0,501,470,0,0,0,0,78,0,0,255,255,100,0,100,0,0,0,0,0,27
0,1,46,1,0,0,0,0,0,0,0,0,0,0,0,0,0,0,0,0,0,0,274,14,0,0,93,96,5,6,0,255,14,5,6,0,0,0,0,100,99,14
0,1,22,9,329,2109,0,0,0,0,0,1,0,0,0,0,0,0,0,0,0,0,3,16,0,0,0,0,78,0,19,3,251,100,0,33,4,0,0,0,0,16
0,1,46,1,0,0,0,0,0,0,0,0,0,0,0,0,0,0,0,0,0,0,216,7,0,0,93,96,3,7,0,255,7,3,8,0,0,0,0,100,99,14
0,2,46,9,94,126,0,0,0,0,0,0,0,0,0,0,0,0,0,0,0,0,2,2,0,0,0,0,78,0,0,255,254,100,1,0,0,0,0,0,0,16
0,1,46,1,0,0,0,0,0,0,0,0,0,0,0,0,0,0,0,0,0,0,104,4,0,0,93,96,4,7,0,255,4,2,6,0,0,0,0,100,99,14
0,0,14,9,921,0,0,0,0,0,0,0,0,0,0,0,0,0,0,0,0,0,500,469,0,0,0,0,78,0,0,255,255,100,0,100,0,0,0,0,0,27
0,1,46,1,0,0,0,0,0,0,0,0,0,0,0,0,0,0,0,0,0,0,224,13,0,0,93,96,6,7,0,255,13,5,7,0,0,0,0,100,99,14
0,0,14,9,481,0,0,0,0,0,0,0,0,0,0,0,0,0,0,0,0,0,501,470,0,0,0,0,78,0,0,255,255,100,0,100,0,0,0,0,0,27
0,1,46,5,0,0,0,0,0,0,0,0,0,0,0,0,0,0,0,0,0,0,250,11,93,92,0,0,4,7,0,255,11,4,7,0,0,99,100,0,0,14
0,1,22,9,314,965,0,0,0,0,0,1,0,0,0,0,0,0,0,0,0,0,22,28,0,0,0,0,78,0,25,178,255,100,0,1,2,1,0,0,0,16
0,1,46,1,0,0,0,0,0,0,0,0,0,0,0,0,0,0,0,0,0,0,205,7,0,0,93,96,3,7,0,255,7,3,7,0,0,0,0,100,99,14
0,0,14,9,921,0,0,0,0,0,0,0,0,0,0,0,0,0,0,0,0,0,501,470,0,0,0,0,78,0,0,255,255,100,0,100,0,0,0,0,0,27
0,0,14,9,921,0,0,0,0,0,0,0,0,0,0,0,0,0,0,0,0,0,122,122,0,0,0,0,78,0,0,255,255,100,0,100,0,0,0,0,0,27
0,0,14,9,473,0,0,0,0,0,0,0,0,0,0,0,0,0,0,0,0,0,501,470,0,0,0,0,78,0,0,255,255,100,0,100,0,0,0,0,0,27
0,1,46,5,0,0,0,0,0,0,0,0,0,0,0,0,0,0,0,0,0,0,290,18,93,92,0,0,6,6,0,255,18,7,6,0,0,99,100,0,0,14
0,1,46,5,0,0,0,0,0,0,0,0,0,0,0,0,0,0,0,0,0,0,183,16,93,92,0,0,9,8,0,255,16,6,8,0,0,99,100,0,0,14
0,1,22,9,223,7436,0,0,0,0,0,1,0,0,0,0,0,0,0,0,0,0,12,12,0,0,0,0,78,0,0,248,249,100,0,0,1,0,0,0,0,16
0,0,14,9,481,0,0,0,0,0,0,0,0,0,0,0,0,0,0,0,0,0,501,470,0,0,0,0,78,0,0,255,255,100,0,100,0,0,0,0,0,27
4,1,44,9,25,75,0,0,0,0,0,1,0,0,0,0,0,0,0,0,0,0,1,1,0,0,0,0,78,0,0,72,69,94,3,1,3,0,0,0,0,4
0,0,14,9,481,0,0,0,0,0,0,0,0,0,0,0,0,0,0,0,0,0,501,470,0,0,0,0,78,0,0,255,255,100,0,100,0,0,0,0,0,27
0,0,14,9,921,0,0,0,0,0,0,0,0,0,0,0,0,0,0,0,0,0,136,136,0,0,0,0,78,0,0,255,255,100,0,100,0,0,0,0,0,27
0,0,14,9,921,0,0,0,0,0,0,0,0,0,0,0,0,0,0,0,0,0,131,131,0,0,0,0,78,0,0,255,255,100,0,100,0,0,0,0,0,27
0,1,56,9,112,152,0,0,0,0,1,0,0,0,0,0,0,0,0,0,0,0,1,1,0,0,0,0,78,0,0,255,254,100,1,0,0,1,1,2,2,4
0,2,46,9,94,126,0,0,0,0,0,0,0,0,0,0,0,0,0,0,0,0,2,2,0,0,0,0,78,0,0,255,254,100,1,0,0,0,0,0,0,16
0,0,14,9,481,0,0,0,0,0,0,0,0,0,0,0,0,0,0,0,0,0,501,470,0,0,0,0,78,0,0,255,255,100,0,100,0,0,0,0,0,27
0,0,14,9,481,0,0,0,0,0,0,0,0,0,0,0,0,0,0,0,0,0,501,470,0,0,0,0,78,0,0,255,255,100,0,100,0,0,0,0,0,27
0,0,14,9,481,0,0,0,0,0,0,0,0,0,0,0,0,0,0,0,0,0,501,470,0,0,0,0,78,0,0,255,255,100,0,100,0,0,0,0,0,27
0,1,46,1,0,0,0,0,0,0,0,0,0,0,0,0,0,0,0,0,0,0,135,17,0,0,93,96,13,6,0,255,17,7,6,0,0,0,0,100,99,14
0,0,14,9,921,0,0,0,0,0,0,0,0,0,0,0,0,0,0,0,0,0,500,469,0,0,0,0,78,0,0,255,255,100,0,100,0,0,0,0,0,27
0,2,11,9,44,35,0,0,0,0,0,0,0,0,0,0,0,0,0,0,0,0,82,160,0,0,0,0,78,0,1,161,107,66,1,1,0,0,0,0,0,16
0,1,46,1,0,0,0,0,0,0,0,0,0,0,0,0,0,0,0,0,0,0,120,5,0,0,93,96,4,7,0,255,5,2,6,0,0,0,0,100,99,14
0,0,14,9,481,0,0,0,0,0,0,0,0,0,0,0,0,0,0,0,0,0,501,470,0,0,0,0,78,0,0,255,255,100,0,100,0,0,0,0,0,27
0,1,46,5,0,0,0,0,0,0,0,0,0,0,0,0,0,0,0,0,0,0,173,12,93,92,0,0,7,9,0,255,12,5,9,0,0,99,100,0,0,14
0,1,22,9,210,337,0,0,0,0,0,1,0,0,0,0,0,0,0,0,0,0,5,35,0,0,0,0,78,0,9,21,255,100,0,5,2,0,0,0,0,16
0,0,14,9,921,0,0,0,0,0,0,0,0,0,0,0,0,0,0,0,0,0,500,469,0,0,0,0,78,0,0,255,255,100,0,100,0,0,0,0,0,27
0,0,14,9,921,0,0,0,0,0,0,0,0,0,0,0,0,0,0,0,0,0,501,470,0,0,0,0,78,0,0,255,255,100,0,100,0,0,0,0,0,27
0,1,46,5,0,0,0,0,0,0,0,0,0,0,0,0,0,0,0,0,0,0,153,16,93,92,0,0,10,6,0,255,16,6,6,0,0,99,100,0,0,14
0,0,14,9,921,0,0,0,0,0,0,0,0,0,0,0,0,0,0,0,0,0,501,470,0,0,0,0,78,0,0,255,255,100,0,100,0,0,0,0,0,27
0,1,21,1,0,0,0,0,0,0,0,0,0,0,0,0,0,0,0,0,0,0,290,20,0,0,93,96,7,6,0,255,20,8,7,0,0,0,0,100,99,14
0,0,14,9,921,0,0,0,0,0,0,0,0,0,0,0,0,0,0,0,0,0,501,470,0,0,0,0,78,0,0,255,255,100,0,100,0,0,0,0,0,27
0,1,22,9,188,7277,0,0,0,0,0,1,0,0,0,0,0,0,0,0,0,0,29,29,0,0,0,0,78,0,0,98,255,100,0,1,1,0,0,0,0,16
0,1,22,9,310,2715,0,0,0,0,0,1,0,0,0,0,0,0,0,0,0,0,1,2,0,0,0,0,78,0,86,7,255,100,0,14,3,0,0,0,0,16
0,1,46,1,0,0,0,0,0,0,0,0,0,0,0,0,0,0,0,0,0,0,251,8,0,0,93,96,3,6,0,255,8,3,6,0,0,0,0,100,99,14
0,0,14,9,921,0,0,0,0,0,0,0,0,0,0,0,0,0,0,0,0,0,501,470,0,0,0,0,78,0,0,255,255,100,0,100,0,0,0,0,0,27
0,0,14,9,921,0,0,0,0,0,0,0,0,0,0,0,0,0,0,0,0,0,501,470,0,0,0,0,78,0,0,255,255,100,0,100,0,0,0,0,0,27
0,0,14,9,473,0,0,0,0,0,0,0,0,0,0,0,0,0,0,0,0,0,501,470,0,0,0,0,78,0,0,255,255,100,0,100,0,0,0,0,0,27
0,1,46,5,0,0,0,0,0,0,0,0,0,0,0,0,0,0,0,0,0,0,132,17,93,92,0,0,13,6,0,255,17,7,7,0,0,99,100,0,0,14
0,0,14,9,921,0,0,0,0,0,0,0,0,0,0,0,0,0,0,0,0,0,165,165,0,0,0,0,78,0,0,255,255,100,0,100,0,0,0,0,0,27
0,2,46,9,94,126,0,0,0,0,0,0,0,0,0,0,0,0,0,0,0,0,1,1,0,0,0,0,78,0,0,255,254,100,1,0,0,0,0,0,0,28
0,1,46,1,0,0,0,0,0,0,0,0,0,0,0,0,0,0,0,0,0,0,219,2,0,0,93,96,1,7,0,255,2,1,7,0,0,0,0,100,99,14
0,0,14,9,481,0,0,0,0,0,0,0,0,0,0,0,0,0,0,0,0,0,501,470,0,0,0,0,78,0,0,255,255,100,0,100,0,0,0,0,0,27
0,0,14,9,921,0,0,0,0,0,0,0,0,0,0,0,0,0,0,0,0,0,499,468,0,0,0,0,78,0,0,255,255,100,0,100,0,0,0,0,0,27
0,0,14,9,921,0,0,0,0,0,0,0,0,0,0,0,0,0,0,0,0,0,501,470,0,0,0,0,78,0,0,255,255,100,0,100,0,0,0,0,0,27
0,1,22,9,203,8596,0,0,0,0,0,1,0,0,0,0,0,0,0,0,0,0,3,3,0,0,0,0,78,0,0,39,255,100,0,3,2,5,1,0,0,16
0,0,14,9,481,0,0,0,0,0,0,0,0,0,0,0,0,0,0,0,0,0,501,470,0,0,0,0,78,0,0,255,255,100,0,100,0,0,0,0,0,27
0,2,46,9,94,127,0,0,0,0,0,0,0,0,0,0,0,0,0,0,0,0,2,2,0,0,0,0,78,0,0,255,254,100,1,0,0,0,0,0,0,28
0,0,14,9,921,0,0,0,0,0,0,0,0,0,0,0,0,0,0,0,0,0,122,122,0,0,0,0,78,0,0,255,255,100,0,100,0,0,0,0,0,27
0,0,14,9,921,0,0,0,0,0,0,0,0,0,0,0,0,0,0,0,0,0,130,130,0,0,0,0,78,0,0,255,255,100,0,100,0,0,0,0,0,27
0,1,22,9,152,6262,0,0,0,0,0,1,0,0,0,0,0,0,0,0,0,0,1,1,0,0,0,0,78,0,0,88,255,100,0,1,1,0,0,0,0,16
0,1,46,1,0,0,0,0,0,0,0,0,0,0,0,0,0,0,0,0,0,0,254,1,0,0,93,96,0,7,0,255,1,0,7,0,0,0,0,100,99,14
0,1,46,5,0,0,0,0,0,0,0,0,0,0,0,0,0,0,0,0,0,0,199,5,93,92,0,0,3,9,0,255,5,2,8,0,0,99,100,0,0,14
0,0,14,9,921,0,0,0,0,0,0,0,0,0,0,0,0,0,0,0,0,0,501,470,0,0,0,0,78,0,0,255,255,100,0,100,0,0,0,0,0,27
0,1,46,1,0,0,0,0,0,0,0,0,0,0,0,0,0,0,0,0,0,0,217,9,0,0,93,96,4,6,0,255,9,4,7,0,0,0,0,100,99,14
0,0,14,9,921,0,0,0,0,0,0,0,0,0,0,0,0,0,0,0,0,0,129,129,0,0,0,0,78,0,0,255,255,100,0,100,0,0,0,0,0,27
0,0,14,9,921,0,0,0,0,0,0,0,0,0,0,0,0,0,0,0,0,0,501,470,0,0,0,0,78,0,0,255,255,100,0,100,0,0,0,0,0,27
0,0,14,9,481,0,0,0,0,0,0,0,0,0,0,0,0,0,0,0,0,0,500,469,0,0,0,0,78,0,0,255,255,100,0,100,0,0,0,0,0,27
0,1,22,9,209,707,0,0,0,0,0,1,0,0,0,0,0,0,0,0,0,0,17,27,0,0,0,0,78,0,7,255,255,100,0,0,0,0,0,0,0,16
0,0,14,9,481,0,0,0,0,0,0,0,0,0,0,0,0,0,0,0,0,0,500,469,0,0,0,0,78,0,0,255,255,100,0,100,0,0,0,0,0,27
0,0,14,9,481,0,0,0,0,0,0,0,0,0,0,0,0,0,0,0,0,0,501,470,0,0,0,0,78,0,0,255,255,100,0,100,0,0,0,0,0,27
0,1,46,1,0,0,0,0,0,0,0,0,0,0,0,0,0,0,0,0,0,0,205,3,0,0,93,96,1,7,0,255,3,1,6,0,0,0,0,100,99,14
0,1,46,5,0,0,0,0,0,0,0,0,0,0,0,0,0,0,0,0,0,0,110,12,93,92,0,0,11,6,0,255,12,5,6,0,0,99,100,0,0,14
0,1,22,9,266,429,0,0,0,0,0,1,0,0,0,0,0,0,0,0,0,0,4,15,0,0,0,0,78,0,20,4,89,100,0,25,9,0,0,0,0,16
0,1,22,9,281,1177,0,0,0,0,0,1,0,0,0,0,0,0,0,0,0,0,28,29,0,0,0,0,78,0,7,50,255,100,0,2,4,2,0,0,0,16
0,0,14,9,921,0,0,0,0,0,0,0,0,0,0,0,0,0,0,0,0,0,501,470,0,0,0,0,78,0,0,255,255,100,0,100,0,0,0,0,0,27
0,0,14,9,921,0,0,0,0,0,0,0,0,0,0,0,0,0,0,0,0,0,501,470,0,0,0,0,78,0,0,255,255,100,0,100,0,0,0,0,0,27
0,2,11,9,33,24,0,0,0,0,0,0,0,0,0,0,0,0,0,0,0,0,1,1,0,0,0,0,78,0,0,125,122,98,2,1,0,0,0,0,0,16
0,1,46,5,0,0,0,0,0,0,0,0,0,0,0,0,0,0,0,0,0,0,270,11,93,92,0,0,4,7,0,255,11,4,7,0,0,99,100,0,0,14
0,0,14,9,921,0,0,0,0,0,0,0,0,0,0,0,0,0,0,0,0,0,124,124,0,0,0,0,78,0,0,255,255,100,0,100,0,0,0,0,0,27
0,0,14,9,921,0,0,0,0,0,0,0,0,0,0,0,0,0,0,0,0,0,501,470,0,0,0,0,78,0,0,255,255,100,0,100,0,0,0,0,0,27
0,0,14,9,481,0,0,0,0,0,0,0,0,0,0,0,0,0,0,0,0,0,501,470,0,0,0,0,78,0,0,255,255,100,0,100,0,0,0,0,0,27
0,0,14,9,921,0,0,0,0,0,0,0,0,0,0,0,0,0,0,0,0,0,501,470,0,0,0,0,78,0,0,255,255,100,0,100,0,0,0,0,0,27
0,0,14,9,921,0,0,0,0,0,0,0,0,0,0,0,0,0,0,0,0,0,501,470,0,0,0,0,78,0,0,255,255,100,0,100,0,0,0,0,0,27
0,0,14,9,921,0,0,0,0,0,0,0,0,0,0,0,0,0,0,0,0,0,501,470,0,0,0,0,78,0,0,255,255,100,0,100,0,0,0,0,0,27
0,0,14,9,921,0,0,0,0,0,0,0,0,0,0,0,0,0,0,0,0,0,501,470,0,0,0,0,78,0,0,255,255,100,0,100,0,0,0,0,0,27
0,0,14,9,921,0,0,0,0,0,0,0,0,0,0,0,0,0,0,0,0,0,501,470,0,0,0,0,78,0,0,255,255,100,0,100,0,0,0,0,0,27
0,1,46,1,0,0,0,0,0,0,0,0,0,0,0,0,0,0,0,0,0,0,205,1,0,0,93,96,0,7,0,255,1,0,7,0,0,0,0,100,99,14
0,1,19,9,1060,0,0,0,0,0,0,0,0,0,0,0,0,0,0,0,0,0,2,2,0,0,0,0,78,0,0,246,52,21,2,21,0,0,0,1,0,16
0,1,53,1,0,0,0,0,0,0,0,0,0,0,0,0,0,0,0,0,0,0,4,8,0,0,93,96,25,99,86,61,50,16,8,2,4,0,0,90,99,11
0,0,14,9,921,0,0,0,0,0,0,0,0,0,0,0,0,0,0,0,0,0,501,470,0,0,0,0,78,0,0,255,255,100,0,100,0,0,0,0,0,27
0,0,14,9,921,0,0,0,0,0,0,0,0,0,0,0,0,0,0,0,0,0,499,468,0,0,0,0,78,0,0,255,255,100,0,100,0,0,0,0,0,27
0,1,46,1,0,0,0,0,0,0,0,0,0,0,0,0,0,0,0,0,0,0,208,6,0,0,93,96,3,6,0,255,6,2,7,0,0,0,0,100,99,14
0,1,22,9,288,672,0,0,0,0,0,1,0,0,0,0,0,0,0,0,0,0,2,2,0,0,0,0,78,0,0,2,255,100,0,50,1,0,0,0,0,16
0,0,14,9,481,0,0,0,0,0,0,0,0,0,0,0,0,0,0,0,0,0,500,469,0,0,0,0,78,0,0,255,255,100,0,100,0,0,0,0,0,27
0,0,14,9,481,0,0,0,0,0,0,0,0,0,0,0,0,0,0,0,0,0,500,469,0,0,0,0,78,0,0,255,255,100,0,100,0,0,0,0,0,27
0,1,46,5,0,0,0,0,0,0,0,0,0,0,0,0,0,0,0,0,0,0,260,17,93,92,0,0,7,7,0,255,17,7,7,0,0,99,100,0,0,14
0,1,46,1,0,0,0,0,0,0,0,0,0,0,0,0,0,0,0,0,0,0,238,4,0,0,93,96,2,6,0,255,4,2,7,0,0,0,0,100,99,14
0,0,14,9,921,0,0,0,0,0,0,0,0,0,0,0,0,0,0,0,0,0,500,469,0,0,0,0,78,0,0,255,255,100,0,100,0,0,0,0,0,27
0,1,46,1,0,0,0,0,0,0,0,0,0,0,0,0,0,0,0,0,0,0,137,8,0,0,93,96,6,6,0,255,8,3,5,0,0,0,0,100,99,14
0,1,46,1,0,0,0,0,0,0,0,0,0,0,0,0,0,0,0,0,0,0,122,5,0,0,93,96,4,7,0,255,5,2,6,0,0,0,0,100,99,14
0,0,14,9,921,0,0,0,0,0,0,0,0,0,0,0,0,0,0,0,0,0,501,470,0,0,0,0,78,0,0,255,255,100,0,100,0,0,0,0,0,27
231,1,22,4,2417,1,0,0,0,0,0,1,0,0,0,0,0,0,0,0,0,0,25,25,0,0,93,96,78,0,0,255,254,100,1,0,0,1,1,58,59,0
0,1,53,1,0,0,0,0,0,0,0,0,0,0,0,0,0,0,0,0,0,0,1,1,0,0,93,96,78,0,0,156,40,13,3,1,5,5,0,86,99,11
0,2,46,9,94,126,0,0,0,0,0,0,0,0,0,0,0,0,0,0,0,0,2,2,0,0,0,0,78,0,0,255,253,99,1,0,0,0,0,0,0,16
0,0,14,9,481,0,0,0,0,0,0,0,0,0,0,0,0,0,0,0,0,0,500,469,0,0,0,0,78,0,0,255,255,100,0,100,0,0,0,0,0,27
0,0,14,9,921,0,0,0,0,0,0,0,0,0,0,0,0,0,0,0,0,0,97,97,0,0,0,0,78,0,0,255,255,100,0,100,0,0,0,0,0,27
0,0,14,9,921,0,0,0,0,0,0,0,0,0,0,0,0,0,0,0,0,0,501,470,0,0,0,0,78,0,0,255,255,100,0,100,0,0,0,0,0,27
0,0,14,9,921,0,0,0,0,0,0,0,0,0,0,0,0,0,0,0,0,0,172,172,0,0,0,0,78,0,0,255,255,100,0,100,0,0,0,0,0,27
0,0,14,9,481,0,0,0,0,0,0,0,0,0,0,0,0,0,0,0,0,0,501,470,0,0,0,0,78,0,0,255,255,100,0,100,0,0,0,0,0,27
0,1,46,1,0,0,0,0,0,0,0,0,0,0,0,0,0,0,0,0,0,0,225,1,0,0,93,96,0,7,0,255,1,0,7,0,0,0,0,100,99,14
0,1,46,1,0,0,0,0,0,0,0,0,0,0,0,0,0,0,0,0,0,0,117,10,0,0,93,96,9,7,0,255,10,4,6,0,0,0,0,100,99,14
0,1,22,9,283,5828,0,0,0,0,0,1,0,0,0,0,0,0,0,0,0,0,3,4,0,0,0,0,78,0,46,39,255,100,0,3,4,0,0,0,0,16
0,0,14,9,921,0,0,0,0,0,0,0,0,0,0,0,0,0,0,0,0,0,501,470,0,0,0,0,78,0,0,255,255,100,0,100,0,0,0,0,0,27
0,1,46,5,0,0,0,0,0,0,0,0,0,0,0,0,0,0,0,0,0,0,210,5,93,92,0,0,2,7,0,255,5,2,7,0,0,99,100,0,0,14
0,0,14,9,921,0,0,0,0,0,0,0,0,0,0,0,0,0,0,0,0,0,137,137,0,0,0,0,78,0,0,255,255,100,0,100,0,0,0,0,0,27
1,1,50,9,1759,268,0,0,0,0,0,1,0,0,0,0,0,0,0,0,0,0,2,2,0,0,0,0,78,0,0,255,244,96,5,0,0,0,0,3,0,10
0,2,11,9,40,89,0,0,0,0,0,0,0,0,0,0,0,0,0,0,0,0,1,1,0,0,0,0,78,0,0,47,151,77,4,77,1,0,0,21,0,16
0,1,46,5,0,0,0,0,0,0,0,0,0,0,0,0,0,0,0,0,0,0,140,18,93,92,0,0,13,6,0,255,18,7,6,0,0,99,100,0,0,14
0,0,14,9,921,0,0,0,0,0,0,0,0,0,0,0,0,0,0,0,0,0,501,470,0,0,0,0,78,0,0,255,255,100,0,100,0,0,0,0,0,27
0,0,14,9,481,0,0,0,0,0,0,0,0,0,0,0,0,0,0,0,0,0,501,470,0,0,0,0,78,0,0,255,255,100,0,100,0,0,0,0,0,27
0,0,14,9,921,0,0,0,0,0,0,0,0,0,0,0,0,0,0,0,0,0,501,470,0,0,0,0,78,0,0,255,255,100,0,100,0,0,0,0,0,27
0,0,14,9,921,0,0,0,0,0,0,0,0,0,0,0,0,0,0,0,0,0,162,162,0,0,0,0,78,0,0,255,255,100,0,100,0,0,0,0,0,27
0,0,14,9,481,0,0,0,0,0,0,0,0,0,0,0,0,0,0,0,0,0,501,470,0,0,0,0,78,0,0,255,255,100,0,100,0,0,0,0,0,27
0,0,14,9,481,0,0,0,0,0,0,0,0,0,0,0,0,0,0,0,0,0,501,470,0,0,0,0,78,0,0,255,255,100,0,100,0,0,0,0,0,27
0,1,22,9,201,1100,0,0,0,0,0,1,0,0,0,0,0,0,0,0,0,0,22,22,0,0,0,0,78,0,0,22,255,100,0,5,1,0,0,0,0,16
0,0,14,9,921,0,0,0,0,0,0,0,0,0,0,0,0,0,0,0,0,0,500,469,0,0,0,0,78,0,0,255,255,100,0,100,0,0,0,0,0,27
0,2,46,9,94,127,0,0,0,0,0,0,0,0,0,0,0,0,0,0,0,0,2,2,0,0,0,0,78,0,0,255,255,100,0,0,0,0,0,0,0,16
0,0,14,9,921,0,0,0,0,0,0,0,0,0,0,0,0,0,0,0,0,0,166,166,0,0,0,0,78,0,0,255,255,100,0,100,0,0,0,0,0,27
0,0,14,9,481,0,0,0,0,0,0,0,0,0,0,0,0,0,0,0,0,0,501,470,0,0,0,0,78,0,0,255,255,100,0,100,0,0,0,0,0,27
0,1,46,1,0,0,0,0,0,0,0,0,0,0,0,0,0,0,0,0,0,0,142,14,0,0,93,96,10,6,0,255,14,5,5,0,0,0,0,100,99,14
0,2,46,9,53,44,0,0,0,0,0,0,0,0,0,0,0,0,0,0,0,0,496,465,0,0,0,0,78,0,0,255,254,100,1,76,0,0,0,0,0,16
0,2,46,9,94,127,0,0,0,0,0,0,0,0,0,0,0,0,0,0,0,0,1,1,0,0,0,0,78,0,0,255,254,100,1,1,0,0,0,0,0,16
0,2,41,9,102,0,0,0,0,0,0,0,0,0,0,0,0,0,0,0,0,0,47,47,0,0,0,0,78,0,0,51,47,92,4,92,0,0,0,0,0,16
0,0,14,9,921,0,0,0,0,0,0,0,0,0,0,0,0,0,0,0,0,0,501,470,0,0,0,0,78,0,0,255,255,100,0,100,0,0,0,0,0,27
0,0,14,9,921,0,0,0,0,0,0,0,0,0,0,0,0,0,0,0,0,0,123,123,0,0,0,0,78,0,0,255,255,100,0,100,0,0,0,0,0,27
0,2,46,9,42,0,0,0,0,0,0,0,0,0,0,0,0,0,0,0,0,0,4,4,0,0,0,0,78,0,0,255,254,100,1,1,0,0,0,0,0,29
0,0,14,9,481,0,0,0,0,0,0,0,0,0,0,0,0,0,0,0,0,0,501,470,0,0,0,0,78,0,0,255,255,100,0,100,0,0,0,0,0,27
0,0,14,9,481,0,0,0,0,0,0,0,0,0,0,0,0,0,0,0,0,0,500,469,0,0,0,0,78,0,0,255,255,100,0,100,0,0,0,0,0,27
0,1,22,9,255,985,0,0,0,0,0,1,0,0,0,0,0,0,0,0,0,0,1,1,0,0,0,0,78,0,0,1,255,100,0,100,3,0,0,0,0,16
0,1,22,9,191,4084,0,0,0,0,0,1,0,0,0,0,0,0,0,0,0,0,1,5,0,0,0,0,78,0,39,6,255,100,0,17,2,0,0,0,0,16
0,0,14,9,473,0,0,0,0,0,0,0,0,0,0,0,0,0,0,0,0,0,501,470,0,0,0,0,78,0,0,255,255,100,0,100,0,0,0,0,0,27
0,1,22,9,209,1885,0,0,0,0,0,1,0,0,0,0,0,0,0,0,0,0,7,9,0,0,0,0,78,0,33,40,54,100,0,3,4,0,0,0,0,16
0,0,14,9,921,0,0,0,0,0,0,0,0,0,0,0,0,0,0,0,0,0,176,176,0,0,0,0,78,0,0,255,255,100,0,100,0,0,0,0,0,27
0,0,14,9,921,0,0,0,0,0,0,0,0,0,0,0,0,0,0,0,0,0,500,469,0,0,0,0,78,0,0,255,255,100,0,100,0,0,0,0,0,27
0,0,14,9,921,0,0,0,0,0,0,0,0,0,0,0,0,0,0,0,0,0,500,469,0,0,0,0,78,0,0,255,255,100,0,100,0,0,0,0,0,27
0,1,46,1,0,0,0,0,0,0,0,0,0,0,0,0,0,0,0,0,0,0,246,2,0,0,93,96,1,7,0,255,2,1,8,0,0,0,0,100,99,14
0,0,14,9,921,0,0,0,0,0,0,0,0,0,0,0,0,0,0,0,0,0,499,469,0,0,0,0,78,0,0,255,255,100,0,100,0,0,0,0,0,27
0,0,14,9,481,0,0,0,0,0,0,0,0,0,0,0,0,0,0,0,0,0,501,470,0,0,0,0,78,0,0,255,255,100,0,100,0,0,0,0,0,27
0,1,22,9,355,7404,0,0,0,0,0,1,0,0,0,0,0,0,0,0,0,0,4,14,0,0,0,0,78,0,21,255,255,100,0,0,0,0,0,0,0,16
0,0,14,9,921,0,0,0,0,0,0,0,0,0,0,0,0,0,0,0,0,0,501,470,0,0,0,0,78,0,0,255,255,100,0,100,0,0,0,0,0,27
0,1,46,1,0,0,0,0,0,0,0,0,0,0,0,0,0,0,0,0,0,0,109,9,52,0,41,96,8,6,0,255,9,4,6,0,0,68,0,32,99,14
0,2,46,9,94,127,0,0,0,0,0,0,0,0,0,0,0,0,0,0,0,0,1,1,0,0,0,0,78,0,0,255,254,100,1,0,0,0,0,0,0,28
4,1,44,9,28,75,0,0,0,0,0,1,0,0,0,0,0,0,0,0,0,0,1,1,0,0,0,0,78,0,0,255,248,97,1,0,0,0,0,0,0,4
0,0,14,9,481,0,0,0,0,0,0,0,0,0,0,0,0,0,0,0,0,0,501,470,0,0,0,0,78,0,0,255,255,100,0,100,0,0,0,0,0,27
0,0,14,9,921,0,0,0,0,0,0,0,0,0,0,0,0,0,0,0,0,0,499,468,0,0,0,0,78,0,0,255,255,100,0,100,0,0,0,0,0,27
0,0,14,9,921,0,0,0,0,0,0,0,0,0,0,0,0,0,0,0,0,0,128,128,0,0,0,0,78,0,0,255,255,100,0,100,0,0,0,0,0,27
0,0,14,9,921,0,0,0,0,0,0,0,0,0,0,0,0,0,0,0,0,0,113,113,0,0,0,0,78,0,0,255,255,100,0,100,0,0,0,0,0,27
0,0,14,9,921,0,0,0,0,0,0,0,0,0,0,0,0,0,0,0,0,0,501,470,0,0,0,0,78,0,0,255,255,100,0,100,0,0,0,0,0,27
0,1,22,9,318,5345,0,0,0,0,0,1,0,0,0,0,0,0,0,0,0,0,10,16,0,0,0,0,78,0,12,27,162,100,0,4,6,0,1,0,0,16
0,0,14,9,921,0,0,0,0,0,0,0,0,0,0,0,0,0,0,0,0,0,16,16,0,0,0,0,78,0,0,255,255,100,0,100,0,0,0,0,0,27
164,1,19,9,2493,0,0,0,0,2,0,0,0,0,0,0,0,0,0,0,0,0,2,2,0,0,0,0,78,0,0,2,2,100,0,100,0,0,0,0,0,33
0,1,46,1,0,0,0,0,0,0,0,0,0,0,0,0,0,0,0,0,0,0,255,8,0,0,93,96,3,6,0,255,8,3,6,0,0,0,0,100,99,14
0,0,14,9,481,0,0,0,0,0,0,0,0,0,0,0,0,0,0,0,0,0,501,470,0,0,0,0,78,0,0,255,255,100,0,100,0,0,0,0,0,27
0,1,46,1,0,0,0,0,0,0,0,0,0,0,0,0,0,0,0,0,0,0,144,20,0,0,93,96,14,6,0,255,20,8,5,0,0,0,0,100,99,14
0,1,46,1,0,0,0,0,0,0,0,0,0,0,0,0,0,0,0,0,0,0,141,4,0,0,93,96,3,7,0,255,4,2,6,0,0,0,0,100,99,14
0,0,14,9,921,0,0,0,0,0,0,0,0,0,0,0,0,0,0,0,0,0,143,143,0,0,0,0,78,0,0,255,255,100,0,100,0,0,0,0,0,27
0,0,14,9,481,0,0,0,0,0,0,0,0,0,0,0,0,0,0,0,0,0,501,470,0,0,0,0,78,0,0,255,255,100,0,100,0,0,0,0,0,27
0,1,22,9,316,4885,0,0,0,0,0,1,0,0,0,0,0,0,0,0,0,0,5,17,0,0,0,0,78,0,12,41,255,100,0,2,5,0,0,0,0,16
0,0,14,9,921,0,0,0,0,0,0,0,0,0,0,0,0,0,0,0,0,0,501,470,0,0,0,0,78,0,0,255,255,100,0,100,0,0,0,0,0,27
0,0,14,9,921,0,0,0,0,0,0,0,0,0,0,0,0,0,0,0,0,0,133,133,0,0,0,0,78,0,0,255,255,100,0,100,0,0,0,0,0,27
0,0,14,9,921,0,0,0,0,0,0,0,0,0,0,0,0,0,0,0,0,0,164,164,0,0,0,0,78,0,0,255,255,100,0,100,0,0,0,0,0,27
0,1,46,5,0,0,0,0,0,0,0,0,0,0,0,0,0,0,0,0,0,0,132,17,93,92,0,0,13,6,0,255,17,7,6,0,0,99,100,0,0,14
0,0,14,9,921,0,0,0,0,0,0,0,0,0,0,0,0,0,0,0,0,0,500,469,0,0,0,0,78,0,0,255,255,100,0,100,0,0,0,0,0,27
0,0,14,9,921,0,0,0,0,0,0,0,0,0,0,0,0,0,0,0,0,0,500,469,0,0,0,0,78,0,0,255,255,100,0,100,0,0,0,0,0,27
0,2,46,9,94,0,0,0,0,0,0,0,0,0,0,0,0,0,0,0,0,0,1,1,0,0,0,0,78,0,0,255,252,99,1,0,0,0,0,0,0,16
0,0,14,9,921,0,0,0,0,0,0,0,0,0,0,0,0,0,0,0,0,0,500,469,0,0,0,0,78,0,0,255,255,100,0,100,0,0,0,0,0,27
0,0,14,9,921,0,0,0,0,0,0,0,0,0,0,0,0,0,0,0,0,0,501,470,0,0,0,0,78,0,0,255,255,100,0,100,0,0,0,0,0,27
0,2,46,9,94,126,0,0,0,0,0,0,0,0,0,0,0,0,0,0,0,0,2,2,0,0,0,0,78,0,0,255,253,99,1,0,0,0,0,0,0,28
0,0,14,9,481,0,0,0,0,0,0,0,0,0,0,0,0,0,0,0,0,0,501,470,0,0,0,0,78,0,0,255,255,100,0,100,0,0,0,0,0,27
0,1,22,9,310,8650,0,0,0,0,0,1,0,0,0,0,0,0,0,0,0,0,1,2,0,0,0,0,78,0,86,2,190,100,0,50,9,0,0,0,0,16
0,2,46,9,94,127,0,0,0,0,0,0,0,0,0,0,0,0,0,0,0,0,2,2,0,0,0,0,78,0,0,255,254,100,1,0,0,0,0,0,0,16
0,0,14,9,481,0,0,0,0,0,0,0,0,0,0,0,0,0,0,0,0,0,501,470,0,0,0,0,78,0,0,255,255,100,0,100,0,0,0,0,0,27
0,0,14,9,481,0,0,0,0,0,0,0,0,0,0,0,0,0,0,0,0,0,501,470,0,0,0,0,78,0,0,255,255,100,0,100,0,0,0,0,0,27
0,1,46,1,0,0,0,0,0,0,0,0,0,0,0,0,0,0,0,0,0,0,256,11,0,0,93,96,4,6,0,255,11,4,6,0,0,0,0,100,99,14
0,1,46,5,0,0,0,0,0,0,0,0,0,0,0,0,0,0,0,0,0,0,105,9,93,92,0,0,9,6,0,255,9,4,6,0,0,99,100,0,0,14
0,1,22,9,290,393,0,0,0,0,0,1,0,0,0,0,0,0,0,0,0,0,3,3,0,0,0,0,78,0,0,255,255,100,0,0,0,0,0,0,0,16
0,0,14,9,921,0,0,0,0,0,0,0,0,0,0,0,0,0,0,0,0,0,118,118,0,0,0,0,78,0,0,255,255,100,0,100,0,0,0,0,0,27
0,1,46,1,0,0,0,0,0,0,0,0,0,0,0,0,0,0,0,0,0,0,113,6,0,0,93,96,5,7,0,255,6,2,6,0,0,0,0,100,99,14
0,0,14,9,921,0,0,0,0,0,0,0,0,0,0,0,0,0,0,0,0,0,500,469,0,0,0,0,78,0,0,255,255,100,0,100,0,0,0,0,0,27
0,0,14,9,921,0,0,0,0,0,0,0,0,0,0,0,0,0,0,0,0,0,123,123,0,0,0,0,78,0,0,255,255,100,0,100,0,0,0,0,0,27
0,0,14,9,921,0,0,0,0,0,0,0,0,0,0,0,0,0,0,0,0,0,501,470,0,0,0,0,78,0,0,255,255,100,0,100,0,0,0,0,0,27
0,0,14,9,921,0,0,0,0,0,0,0,0,0,0,0,0,0,0,0,0,0,501,470,0,0,0,0,78,0,0,255,255,100,0,100,0,0,0,0,0,27
0,0,14,9,921,0,0,0,0,0,0,0,0,0,0,0,0,0,0,0,0,0,124,124,0,0,0,0,78,0,0,255,255,100,0,100,0,0,0,0,0,27
1,1,56,2,0,7,0,0,0,0,0,0,0,0,0,0,0,0,0,0,0,0,1,7,0,0,93,55,78,0,51,193,83,33,3,1,2,0,0,90,71,11
0,0,14,9,481,0,0,0,0,0,0,0,0,0,0,0,0,0,0,0,0,0,501,470,0,0,0,0,78,0,0,255,255,100,0,100,0,0,0,0,0,27
0,0,14,9,921,0,0,0,0,0,0,0,0,0,0,0,0,0,0,0,0,0,143,143,0,0,0,0,78,0,0,255,255,100,0,100,0,0,0,0,0,27
0,0,14,9,921,0,0,0,0,0,0,0,0,0,0,0,0,0,0,0,0,0,501,470,0,0,0,0,78,0,0,255,255,100,0,100,0,0,0,0,0,27
0,1,46,1,0,0,0,0,0,0,0,0,0,0,0,0,0,0,0,0,0,0,121,7,0,0,93,96,6,7,0,255,7,3,6,0,0,0,0,100,99,14
0,1,46,1,0,0,0,0,0,0,0,0,0,0,0,0,0,0,0,0,0,0,134,19,0,0,93,96,14,5,0,255,19,7,5,0,0,0,0,100,99,14
0,1,19,9,1474,0,0,0,0,0,0,0,0,0,0,0,0,0,0,0,0,0,6,6,0,0,0,0,78,0,0,201,53,24,2,24,4,0,0,0,0,16
0,0,14,9,481,0,0,0,0,0,0,0,0,0,0,0,0,0,0,0,0,0,498,467,0,0,0,0,78,0,0,255,255,100,0,100,0,0,0,0,0,27
0,0,14,9,921,0,0,0,0,0,0,0,0,0,0,0,0,0,0,0,0,0,497,466,0,0,0,0,78,0,0,255,255,100,0,100,0,0,0,0,0,27
0,0,14,9,921,0,0,0,0,0,0,0,0,0,0,0,0,0,0,0,0,0,499,468,0,0,0,0,78,0,0,255,255,100,0,100,0,0,0,0,0,27
1,1,50,9,1759,268,0,0,0,0,0,1,0,0,0,0,0,0,0,0,0,0,2,2,0,0,0,0,78,0,0,255,247,97,4,0,0,0,0,3,0,10
0,1,22,9,223,4804,0,0,0,0,0,1,0,0,0,0,0,0,0,0,0,0,3,9,0,0,0,0,78,0,42,53,255,100,0,2,1,0,0,0,0,16
0,0,14,9,481,0,0,0,0,0,0,0,0,0,0,0,0,0,0,0,0,0,501,470,0,0,0,0,78,0,0,255,255,100,0,100,0,0,0,0,0,27
0,0,14,9,921,0,0,0,0,0,0,0,0,0,0,0,0,0,0,0,0,0,501,470,0,0,0,0,78,0,0,255,255,100,0,100,0,0,0,0,0,27
0,0,14,9,921,0,0,0,0,0,0,0,0,0,0,0,0,0,0,0,0,0,501,470,0,0,0,0,78,0,0,255,255,100,0,100,0,0,0,0,0,27
0,1,22,9,321,3776,0,0,0,0,0,1,0,0,0,0,0,0,0,0,0,0,8,8,0,0,0,0,78,0,0,160,255,100,0,1,2,1,0,0,0,16
0,0,14,9,921,0,0,0,0,0,0,0,0,0,0,0,0,0,0,0,0,0,501,470,0,0,0,0,78,0,0,255,255,100,0,100,0,0,0,0,0,27
0,1,22,9,306,1397,0,0,0,0,0,1,0,0,0,0,0,0,0,0,0,0,9,9,0,0,0,0,78,0,0,255,255,100,0,0,0,0,0,0,0,16
0,0,14,9,921,0,0,0,0,0,0,0,0,0,0,0,0,0,0,0,0,0,143,143,0,0,0,0,78,0,0,255,255,100,0,100,0,0,0,0,0,27
0,0,14,9,921,0,0,0,0,0,0,0,0,0,0,0,0,0,0,0,0,0,122,122,0,0,0,0,78,0,0,255,255,100,0,100,0,0,0,0,0,27
0,0,14,9,921,0,0,0,0,0,0,0,0,0,0,0,0,0,0,0,0,0,498,467,0,0,0,0,78,0,0,255,255,100,0,100,0,0,0,0,0,27
0,2,46,9,94,0,0,0,0,0,0,0,0,0,0,0,0,0,0,0,0,0,1,1,0,0,0,0,78,0,0,255,255,100,0,0,0,0,0,0,0,16
0,1,46,1,0,0,0,0,0,0,0,0,0,0,0,0,0,0,0,0,0,0,120,18,0,0,93,96,15,6,0,255,18,7,5,0,0,0,0,100,99,14
4,1,44,9,28,75,0,0,0,0,0,1,0,0,0,0,0,0,0,0,0,0,1,1,0,0,0,0,78,0,0,255,252,99,1,0,0,0,0,0,0,4
165,1,18,9,149,573,0,0,0,2,0,1,0,0,0,0,0,0,0,0,0,1,1,1,0,0,0,0,78,0,0,255,15,6,80,0,0,0,7,77,0,33
0,1,46,1,0,0,0,0,0,0,0,0,0,0,0,0,0,0,0,0,0,0,111,10,0,0,93,96,9,6,0,255,10,4,5,0,0,0,0,100,99,14
0,0,14,9,921,0,0,0,0,0,0,0,0,0,0,0,0,0,0,0,0,0,501,470,0,0,0,0,78,0,0,255,255,100,0,100,0,0,0,0,0,27
0,1,46,1,0,0,0,0,0,0,0,0,0,0,0,0,0,0,0,0,0,0,237,19,0,0,93,96,8,6,0,255,19,7,6,0,0,0,0,100,99,14
0,1,46,1,0,0,0,0,0,0,0,0,0,0,0,0,0,0,0,0,0,0,254,13,0,0,93,96,5,6,0,255,13,5,6,0,0,0,0,100,99,14
0,1,22,9,221,5153,0,0,0,0,0,1,0,0,0,0,0,0,0,0,0,0,1,1,0,0,0,0,78,0,0,1,255,100,0,100,3,0,0,0,0,16
0,2,46,9,94,126,0,0,0,0,0,0,0,0,0,0,0,0,0,0,0,0,1,1,0,0,0,0,78,0,0,255,253,99,1,1,0,0,0,0,0,28
0,1,22,9,261,6996,0,0,0,0,0,1,0,0,0,0,0,0,0,0,0,0,2,6,0,0,0,0,78,0,33,101,101,100,0,1,0,0,0,0,0,16
0,2,46,9,42,0,0,0,0,0,0,0,0,0,0,0,0,0,0,0,0,0,3,3,0,0,0,0,78,0,0,255,255,100,0,1,0,0,0,0,0,29
0,1,46,1,0,0,0,0,0,0,0,0,0,0,0,0,0,0,0,0,0,0,130,15,0,0,93,96,12,7,0,255,15,6,6,0,0,0,0,100,99,14
0,1,22,9,233,3166,0,0,0,0,0,1,0,0,0,0,0,0,0,0,0,0,9,10,0,0,0,0,78,0,20,10,255,100,0,10,1,0,0,0,0,16
0,0,14,9,481,0,0,0,0,0,0,0,0,0,0,0,0,0,0,0,0,0,498,467,0,0,0,0,78,0,0,255,255,100,0,100,0,0,0,0,0,27
0,0,14,9,921,0,0,0,0,0,0,0,0,0,0,0,0,0,0,0,0,0,500,469,0,0,0,0,78,0,0,255,255,100,0,100,0,0,0,0,0,27
0,0,14,9,473,0,0,0,0,0,0,0,0,0,0,0,0,0,0,0,0,0,501,470,0,0,0,0,78,0,0,255,255,100,0,100,0,0,0,0,0,27
0,0,14,9,481,0,0,0,0,0,0,0,0,0,0,0,0,0,0,0,0,0,501,470,0,0,0,0,78,0,0,255,255,100,0,100,0,0,0,0,0,27
0,0,14,9,921,0,0,0,0,0,0,0,0,0,0,0,0,0,0,0,0,0,501,470,0,0,0,0,78,0,0,255,255,100,0,100,0,0,0,0,0,27
0,0,14,9,921,0,0,0,0,0,0,0,0,0,0,0,0,0,0,0,0,0,499,468,0,0,0,0,78,0,0,255,255,100,0,100,0,0,0,0,0,27
0,0,14,9,921,0,0,0,0,0,0,0,0,0,0,0,0,0,0,0,0,0,501,470,0,0,0,0,78,0,0,255,255,100,0,100,0,0,0,0,0,27
0,0,14,9,481,0,0,0,0,0,0,0,0,0,0,0,0,0,0,0,0,0,501,470,0,0,0,0,78,0,0,255,255,100,0,100,0,0,0,0,0,27
0,0,14,9,921,0,0,0,0,0,0,0,0,0,0,0,0,0,0,0,0,0,501,470,0,0,0,0,78,0,0,255,255,100,0,100,0,0,0,0,0,27
0,0,14,9,921,0,0,0,0,0,0,0,0,0,0,0,0,0,0,0,0,0,118,118,0,0,0,0,78,0,0,255,255,100,0,100,0,0,0,0,0,27
0,1,52,1,0,0,0,0,0,0,0,0,0,0,0,0,0,0,0,0,0,0,210,8,0,0,93,96,4,6,0,255,8,3,7,0,0,0,0,100,99,14
0,1,46,1,0,0,0,0,0,0,0,0,0,0,0,0,0,0,0,0,0,0,149,18,0,0,93,96,12,5,0,255,18,7,5,0,0,0,0,100,99,14
0,1,22,9,197,7279,0,0,0,0,0,1,0,0,0,0,0,0,0,0,0,0,2,3,0,0,0,0,78,0,60,255,255,100,0,0,0,0,0,0,0,16
